partida_id,rodada,clube,atleta,minuto,tipo_de_gol
4612,1,Bahia,Anderson Talisca,80,Penalty
4615,1,Santos,Gabriel Barbosa,80,
4616,1,Palmeiras,Leandro,83,
4619,2,Botafogo-RJ,Pablo Zeballos,75,
4620,2,Athletico-PR,Mosquito,78,
4621,2,Corinthians,Carlos Gilberto do Nascimento Silva,80,
4622,2,Sao Paulo,Antônio Carlos dos Santos Aguiar,92,
4624,2,Atletico-MG,Luiz Fernando Pereira da Silva,84,
4625,2,Goias,Willian José de Souza,82,
4628,3,Cruzeiro,Elierce Barbosa de Souza,75,Penalty
4630,3,Fluminense,Wagner Ferreira dos Santos,88,
4632,3,Sport,Patric Cabral Lalau,78,
4635,3,Corinthians,Paolo Guerrero,78,
4639,4,Botafogo-RJ,Wallyson,81,
4640,4,Chapecoense,Tiago Luís Martins,92,
4641,4,Fluminense,Francisco Souza dos Santos,87,
4643,4,Sao Paulo,Luís Fabiano,81,
4645,4,Sport,Rithely,86,
4646,4,Bahia,Pará,91,
4651,5,Sao Paulo,Paulo Henrique Ganso,91,
4652,5,Chapecoense,Tiago Luís Martins,88,
4655,5,Atletico-MG,André Felipe Ribeiro de Souza,75,
4657,6,Coritiba,Alexsandro de Souza,75,Penalty
4658,6,Bahia,Anderson Talisca,92,
4659,6,Cruzeiro,Marcelo Moreno,77,
4661,6,Athletico-PR,Douglas Coutinho,85,
4662,6,Fluminense,Rafael Sóbis,76,
4663,6,Gremio,Maximiliano Rodríguez Maeso,81,
4666,6,Vitoria,Willie Hortêncio Barbosa,90,
4673,7,Cruzeiro,Marcelo Moreno,88,
4678,8,Botafogo-RJ,Pablo Zeballos,94,
4680,8,Internacional,Wellington Paulista,79,
4683,8,Athletico-PR,Cléverson Gabriel Córdova,90,
4686,8,Santos,Lucas Rafael Araújo Lima,89,
4688,9,Sao Paulo,Dorlan Pabón,90,
4691,9,Bahia,Demerson Bruno Costa,86,
4695,9,Athletico-PR,Douglas Coutinho,93,
4697,28,Botafogo-RJ,Edílson Mendes Guimarães,87,
4699,28,Palmeiras,João Pedro Maturano dos Santos,75,
4702,28,Internacional,Valdívia,87,
4704,28,Athletico-PR,Guilherme Augusto Dellatorre,91,
4710,10,Fluminense,Darío Conca,84,
4713,10,Internacional,Cláudio Winck,91,
4715,10,Cruzeiro,Éverton Ribeiro,76,
4716,10,Atletico-MG,Leonardo Silva,93,
4721,11,Internacional,Alex Raphael Meschini,78,
4727,12,Santos,Diego Cardoso,80,
4728,12,Cruzeiro,Dagoberto Pelentier,79,
4729,12,Vitoria,Ayrton Ganino,84,
4731,12,Sao Paulo,Kaká,76,
4733,12,Corinthians,Petros,91,
4734,12,Atletico-MG,Diego Tardelli,85,Penalty
4736,12,Coritiba,Alexsandro de Souza,94,
4738,13,Criciuma,Rodrigo Souza,80,
4739,13,Vitoria,Caio Canedo Corrêa,77,
4743,13,Figueirense,Clayton da Silveira da Silva,76,
4746,13,Atletico-MG,Léo Pereira,76,Gol Contra
4749,14,Coritiba,Germano Borovicz Cardoso Schweger,82,
4750,14,Flamengo,Eduardo da Silva,85,
4751,14,Corinthians,Carlos Gilberto do Nascimento Silva,84,
4752,14,Athletico-PR,Douglas Coutinho,93,
4753,14,Internacional,Cláudio Winck,85,
4754,14,Atletico-MG,Jesús Dátolo,87,
4755,14,Figueirense,Marcos Roberto da Silva Barbosa,87,
4757,15,Internacional,Pedro Henrique Pereira da Silva,77,Gol Contra
4760,15,Sao Paulo,Alan Kardec,89,
4762,15,Cruzeiro,Júlio Baptista,88,
4766,15,Figueirense,Clayton da Silveira da Silva,91,
4775,16,Corinthians,Luciano da Rocha Neves,78,
4776,16,Cruzeiro,Dagoberto Pelentier,86,
4777,17,Atletico-MG,Diego Tardelli,82,
4781,17,Flamengo,Eduardo da Silva,82,
4782,17,Figueirense,Everaldo Stum,75,
4783,17,Santos,Gabriel Barbosa,86,Penalty
4784,17,Fluminense,Fred,80,
4792,18,Sao Paulo,Rogério Ceni,76,Penalty
4795,18,Goias,Erik Nascimento de Lima,84,
4798,19,Gremio,Luan Guilherme de Jesus Vieira,91,
4803,19,Fluminense,Kenedy,88,
4806,19,Figueirense,Giovanni Augusto,76,
4807,20,Gremio,Hernán Barcos,92,
4808,20,Palmeiras,Jonatan Cristaldo,82,
4809,20,Fluminense,Cícero Santos,85,
4810,20,Sport,Patric Cabral Lalau,91,
4811,20,Coritiba,Joel Tagueu,76,
4813,20,Sao Paulo,Alexandre Pato,81,
4818,21,Chapecoense,Douglas Grolli,87,
4819,21,Coritiba,Luiz Eduardo Figueiredo,88,
4820,21,Bahia,Maxi Biancucchi,84,
4827,22,Vitoria,Vinícius Santos Silva,76,
4831,22,Bahia,Wellington Clayton Gonçalves dos Santos,90,
4833,22,Coritiba,Joel Tagueu,86,
4835,22,Goias,Jackson de Souza,93,
4837,23,Internacional,Rafael Moura,81,
4839,23,Atletico-MG,Carlos Júnior,91,
4841,23,Sport,Felipe Azevedo,75,
4844,23,Santos,Lucas Rafael Araújo Lima,89,
4845,23,Goias,Welinton Júnior,90,
4850,24,Chapecoense,Leandro,89,
4851,24,Flamengo,Alecsandro,87,
4852,24,Figueirense,Marcos Assis de Santana,84,
4856,24,Santos,Geuvânio,84,
4859,25,Fluminense,Darío Conca,90,
4862,25,Gremio,Hernán Barcos,77,
4863,25,Atletico-MG,Guilherme Milhomem Gusmão,93,
4864,25,Figueirense,Clayton da Silveira da Silva,76,
4867,26,Chapecoense,Leandro,92,
4869,26,Bahia,Marcos Aurélio de Oliveira Lima,83,
4873,26,Corinthians,Luciano da Rocha Neves,93,
4880,27,Goias,Bruno Mineiro,75,
4882,27,Gremio,Eduardo Pereira Rodrigues,76,
4883,27,Flamengo,Nixon Darlanio Reis Cardoso,93,
4886,27,Chapecoense,Diones,76,
4888,29,Sao Paulo,Paulo Henrique Ganso,79,
4889,29,Fluminense,Fred,85,Penalty
4892,29,Figueirense,Marcos Assis de Santana,90,
4894,29,Palmeiras,Henrique Dourado,89,
4895,29,Cruzeiro,Dedé,84,
4897,30,Bahia,Guilherme Oliveira Santos,85,
4898,30,Vitoria,Edno,84,
4899,30,Flamengo,Gabriel Santana,91,
4900,30,Athletico-PR,Cléverson Gabriel Córdova,78,
4901,30,Cruzeiro,Dagoberto Pelentier,93,
4903,30,Coritiba,Alexsandro de Souza,88,
4905,30,Fluminense,Edson Felipe da Cruz,91,
4906,30,Goias,Esquerdinha,90,
4907,31,Figueirense,Pablo Felipe Teixeira,92,
4908,31,Corinthians,Danilo Gabriel de Andrade,91,
4909,31,Athletico-PR,Cleberson Martins de Souza,91,
4910,31,Vitoria,Edno,86,Penalty
4911,31,Sport,Danilo Barcelos,79,
4912,31,Chapecoense,Leandro,91,
4913,31,Gremio,Cristian Riveros,85,
4915,31,Flamengo,Eduardo da Silva,75,
4917,32,Fluminense,Darío Conca,89,
4919,32,Corinthians,Bruno Henrique Corsini,95,
4920,32,Internacional,Charles Aránguiz,81,
4922,32,Botafogo-RJ,Leonardo Renan Simões de Lacerda,91,Gol Contra
4923,32,Sao Paulo,Alan Kardec,83,
4929,33,Athletico-PR,Cléverson Gabriel Córdova,94,
4930,33,Sao Paulo,Kaká,78,
4931,33,Gremio,Alan Ruiz,76,
4933,33,Sport,Danilo Barcelos,89,
4935,33,Cruzeiro,Willian Gomes de Siqueira,90,
4936,33,Goias,Thiago Henrique Mendes Ribeiro,76,
4944,35,Sport,Ananias Elói Castro Monteiro,78,
4945,35,Chapecoense,Bruno César Pereira da Silva,84,
4946,35,Cruzeiro,Éverton Ribeiro,76,
4949,34,Corinthians,Renato Augusto,84,
4951,34,Flamengo,Nixon Darlanio Reis Cardoso,81,
4953,34,Internacional,Paulo Marcos de Jesus Ribeiro,79,
4954,34,Vitoria,Telmário de Araújo Sacramento,81,
4955,34,Sao Paulo,Rafael Tolói,79,
4957,36,Internacional,Fabrício dos Santos Silva,94,
4961,36,Fluminense,Fred,92,
4964,36,Corinthians,Paolo Guerrero,83,
4968,37,Internacional,Valdívia,79,
4969,37,Flamengo,Nixon Darlanio Reis Cardoso,86,
4970,37,Figueirense,Marcelino Júnior Lopes Arruda,84,
4971,37,Santos,Leandro Damião,90,
4972,37,Corinthians,Danilo Gabriel de Andrade,84,
4974,37,Coritiba,Leandro Almeida,85,
4978,38,Internacional,Rafael Moura,87,
4979,38,Coritiba,Keirrison,95,
4980,38,Santos,Thiago Ribeiro,94,
4986,38,Goias,Erik Nascimento de Lima,91,
4988,1,Palmeiras,Rafael Marques Mariano,95,
4989,1,Fluminense,Vinícius,88,
4990,1,Ponte Preta,Diego Oliveira,94,
4992,1,Sao Paulo,Alexandre Pato,80,
4993,1,Corinthians,Ángel Romero,82,
4994,1,Sport,Régis,88,
4997,2,Goias,Bruno Henrique,81,
5001,2,Fluminense,Fred,89,Penalty
5002,2,Flamengo,Éverton Cardoso da Silva,96,
5007,3,Sao Paulo,Alexandre Pato,86,
5008,3,Vasco,Lucas Santos Siqueira,81,
5009,3,Gremio,Braian Rodríguez,78,
5010,3,Goias,Victor Ramos,76,Gol Contra
5015,3,Ponte Preta,Biro-Biro,85,
5017,4,Ponte Preta,Renato Cajá,93,
5018,4,Avai,Roberto César Zardin Rodrigues,79,
5020,4,Sport,Samuel Xavier,93,
5025,4,Flamengo,Eduardo da Silva,86,
5028,5,Ponte Preta,Borges,78,
5030,5,Sao Paulo,Rogério Ceni,85,Penalty
5031,5,Cruzeiro,Manoel Messias Silva Carvalho,78,
5032,5,Atletico-MG,Carlos Júnior,77,
5034,5,Fluminense,Marcos Júnior,88,
5035,5,Sport,Maikon Leite,93,
5036,5,Internacional,Rafael Moura,76,
5040,6,Athletico-PR,Ytalo José dos Santos,92,
5045,6,Avai,Rômulo,94,
5051,7,Joinville,Marcelinho Paraíba,79,
5052,7,Vasco,Rodrigo Baldasso da Costa,88,
5055,7,Palmeiras,Jonatan Cristaldo,91,
5058,8,Sport,Wendel Geraldo Maurício e Silva,81,
5064,8,Coritiba,Ruy Franco de Almeida Junior,77,
5065,8,Avai,André Lima,89,
5066,8,Fluminense,Vinícius,95,
5068,9,Chapecoense,Bruno Rangel,88,
5076,9,Internacional,Valdívia,77,
5084,10,Corinthians,Vágner Love,96,
5085,10,Figueirense,Paulo Roberto da Silva,80,
5086,10,Fluminense,Lucas Gomes,80,
5088,11,Chapecoense,Hélio Hermito Zampier Neto,75,
5090,11,Sport,André Felipe Ribeiro de Souza,93,Penalty
5093,11,Gremio,Yuri Mamute,81,
5095,11,Figueirense,Fabinho,93,
5096,11,Internacional,Lisandro López,86,
5097,12,Chapecoense,Bruno Rangel,77,
5098,12,Santos,Ricardo Oliveira,90,Penalty
5101,12,Palmeiras,Jonatan Cristaldo,89,
5103,12,Internacional,Ernando Rodrigues Lopes,93,
5104,12,Sao Paulo,Gabriel Boschilia,93,
5105,12,Corinthians,Jadson,77,
5108,13,Gremio,Pedro Rocha Neves,81,
5109,13,Atletico-MG,Giovanni Augusto,88,
5110,13,Sao Paulo,Alexandre Pato,91,
5113,13,Fluminense,Fred,93,
5115,13,Sport,André Felipe Ribeiro de Souza,90,
5117,14,Internacional,Eduardo Sasha,88,
5122,14,Sport,Wéverton Almeida Santos,93,
5125,14,Avai,André Lima,82,
5127,15,Avai,Rômulo,84,
5130,15,Chapecoense,Bruno Rangel,90,Penalty
5133,15,Coritiba,Evandro da Silva,92,
5137,16,Corinthians,Elias Mendes Trindade,77,
5139,16,Fluminense,Marcos Júnior,77,
5140,16,Coritiba,Evandro da Silva,90,
5141,16,Athletico-PR,Walter Henrique da Silva,77,
5144,16,Figueirense,Dudu,92,
5149,17,Athletico-PR,Christián Vilches,98,
5152,17,Cruzeiro,Giorgian De Arrascaeta,82,
5155,17,Gremio,Réver,84,Gol Contra
5156,17,Figueirense,Dudu,83,
5157,18,Coritiba,Henrique Almeida,82,
5162,18,Internacional,Victor Vinícius Coelho Santos,82,
5163,18,Corinthians,Jadson,87,Penalty
5167,19,Coritiba,Evandro da Silva,93,
5169,19,Goias,Erik Nascimento de Lima,77,
5171,19,Corinthians,Luciano da Rocha Neves,87,
5174,19,Ponte Preta,Borges,82,
5175,19,Gremio,Rafael Galhardo,84,
5176,19,Chapecoense,Apodi,78,
5177,20,Goias,Erik Nascimento de Lima,77,Penalty
5178,20,Avai,Léo Gamalho,83,
5182,20,Joinville,Marlon,91,Gol Contra
5187,21,Figueirense,Marcos Assis de Santana,93,
5190,21,Avai,Léo Gamalho,84,
5192,21,Atletico-MG,Patric Cabral Lalau,83,
5194,21,Corinthians,Jadson,90,Penalty
5196,21,Athletico-PR,Walter Henrique da Silva,78,Penalty
5198,22,Cruzeiro,Vinícius Vasconcelos Araújo,94,
5199,22,Internacional,Lisandro López,91,
5200,22,Flamengo,Kayke Moreno,76,
5205,22,Chapecoense,Hélio Hermito Zampier Neto,83,
5206,22,Gremio,Pedro Rocha Neves,78,
5210,23,Cruzeiro,Willian Gomes de Siqueira,75,
5212,23,Gremio,Everton Sousa Soares,83,
5213,23,Corinthians,Vágner Love,79,
5214,23,Coritiba,Henrique Almeida,83,
5217,24,Vasco,Leandro Costa Miranda Moraes,75,
5224,24,Goias,Carlos Eduardo Ferreira de Souza,80,
5228,25,Palmeiras,Zé Roberto,88,Penalty
5229,25,Santos,Rafael Longuine,93,
5230,25,Corinthians,Vágner Love,88,
5231,25,Atletico-MG,Carlos Júnior,89,
5232,25,Gremio,Everton Sousa Soares,93,
5233,25,Flamengo,Kayke Moreno,88,
5235,25,Avai,Emerson dos Santos da Silva,85,
5237,26,Sport,André Felipe Ribeiro de Souza,90,
5238,26,Palmeiras,Lucas Barrios,90,
5239,26,Ponte Preta,Alexandro da Silva Batista,81,
5240,26,Avai,Renan Oliveira,81,
5241,26,Athletico-PR,Ewandro,78,
5242,26,Santos,Marquinhos,92,
5244,26,Vasco,Rafael Silva dos Santos,81,
5247,27,Gremio,Luan Guilherme de Jesus Vieira,86,Penalty
5248,27,Figueirense,Thiago Santos Santana,76,
5250,27,Goias,Erik Nascimento de Lima,88,
5251,27,Corinthians,Jadson,86,Penalty
5258,28,Gremio,Maximiliano Rodríguez Maeso,76,
5260,28,Santos,Leandro,90,
5262,28,Atletico-MG,Thiago Ribeiro,82,
5263,28,Corinthians,Renato Augusto,83,
5264,28,Palmeiras,Róbson Michael Signorini,93,
5265,28,Sport,Apodi,78,Gol Contra
5267,29,Internacional,Rodrigo Dourado,82,
5268,29,Atletico-MG,Lucas Pratto,85,Penalty
5270,29,Avai,André Lima,86,
5271,29,Flamengo,Gabriel Santana,82,
5272,29,Santos,Neto Berola,84,
5274,29,Figueirense,Rafael Bastos,87,
5275,29,Corinthians,Rodrigo Eduardo Costa Marinho,84,
5276,29,Chapecoense,Ananias Elói Castro Monteiro,86,
5278,30,Sport,André Felipe Ribeiro de Souza,84,
5279,30,Coritiba,Henrique Almeida,89,Penalty
5280,30,Figueirense,Dudu,89,
5283,30,Cruzeiro,Giorgian De Arrascaeta,85,
5284,30,Chapecoense,Bruno Rangel,86,Penalty
5285,30,Corinthians,Rodrigo Eduardo Costa Marinho,88,
5287,31,Palmeiras,Eduardo Pereira Rodrigues,78,
5289,31,Ponte Preta,Alexandro da Silva Batista,88,
5293,31,Sao Paulo,Rodrigo Caio,88,
5294,31,Chapecoense,Apodi,95,
5296,31,Atletico-MG,Thiago Ribeiro,84,Penalty
5306,32,Ponte Preta,Renato de Araújo Chaves Júnior,92,
5308,33,Cruzeiro,Leandro Damião,75,
5312,33,Palmeiras,Eduardo Pereira Rodrigues,75,
5313,33,Gremio,Deyvison Rogério da Silva,85,
5314,33,Corinthians,Vágner Love,75,
5317,34,Internacional,Victor Vinícius Coelho Santos,88,
5318,34,Corinthians,Lucca Borges de Brito,88,
5323,34,Cruzeiro,Leandro Damião,81,
5324,34,Atletico-MG,Jesús Dátolo,90,
5328,35,Coritiba,Henrique Almeida,93,
5330,35,Avai,Éverton Silva,88,
5331,35,Athletico-PR,Ewandro,84,
5334,35,Sao Paulo,Alan Kardec,85,
5336,35,Corinthians,Vágner Love,82,
5338,36,Joinville,Rafael Donato,81,
5342,36,Corinthians,Cristian Baroni,76,Penalty
5343,36,Ponte Preta,Diego Oliveira,77,
5344,36,Avai,Léo Gamalho,90,
5347,37,Sao Paulo,Thiago Henrique Mendes Ribeiro,94,
5350,37,Sport,André Felipe Ribeiro de Souza,91,
5353,37,Goias,Fred,78,
5355,37,Coritiba,Henrique Almeida,94,
5358,38,Palmeiras,Vitor Hugo Franchescoli de Souza,90,
5360,38,Santos,Geuvânio,80,
5362,38,Sao Paulo,José Rogério de Oliveira Melo,93,
5363,38,Corinthians,Vágner Love,78,
5367,1,Palmeiras,Gabriel Jesus,87,
5371,1,Santa Cruz,Keno,87,Penalty
5377,2,Palmeiras,Moisés Lima Magalhães,91,
5378,2,Santa Cruz,Grafite,83,Penalty
5380,2,Santos,Renato Dirnei Florêncio,97,
5381,2,Atletico-MG,Juan Cazares,77,Penalty
5383,2,Chapecoense,Bruno Rangel,78,
5384,2,Internacional,Eduardo Sasha,89,
5387,3,Figueirense,Gustavo Ermel,92,
5389,3,Flamengo,Alan Patrick,96,Penalty
5390,3,Vitoria,Kieza,85,
5391,3,Santa Cruz,Keno,90,
5393,3,Sao Paulo,José Rogério de Oliveira Melo,79,
5394,3,Corinthians,Guilherme Milhomem Gusmão,79,
5397,4,Cruzeiro,Giorgian De Arrascaeta,82,
5399,4,Chapecoense,Tiago da Costa Silva,84,Gol Contra
5401,4,Corinthians,Marquinhos,79,
5403,4,Vitoria,Kieza,79,
5406,4,Internacional,Aylon,84,
5408,5,Corinthians,Giovanni Augusto,82,
5410,5,Coritiba,José Carlos Ferreira Júnior,94,
5415,5,Gremio,Edílson Mendes Guimarães,91,
5419,6,Corinthians,Uendel Pereira Gonçalves,95,
5423,6,Sport,Diego Souza,76,
5425,6,Gremio,Luan Guilherme de Jesus Vieira,94,
5428,7,Ponte Preta,William Pottker,90,
5429,7,Fluminense,Marcos Júnior,75,
5430,7,Athletico-PR,Hernani Azevedo Junior,88,
5432,7,Vitoria,Victor Ramos,92,
5437,8,Sao Paulo,Jonathan Calleri,76,
5438,8,Gremio,Giuliano Victor de Paula,83,
5439,8,Athletico-PR,Walter Henrique da Silva,93,
5440,8,Santos,Vitor Bueno,88,
5443,8,Coritiba,Leandro,95,
5445,8,Internacional,Victor Vinícius Coelho Santos,75,
5448,9,Athletico-PR,Paulo André,88,
5450,9,Chapecoense,Thiego,76,
5451,9,Atletico-MG,Carlos Júnior,85,
5452,9,Corinthians,Bruno Henrique Corsini,89,
5454,9,Internacional,Victor Vinícius Coelho Santos,83,
5455,9,Fluminense,Magno Alves,85,
5458,10,Cruzeiro,Alisson Euler de Freitas Castro,78,Penalty
5462,10,Corinthians,Lucca Borges de Brito,90,
5470,11,Fluminense,Richarlison,76,
5474,11,Santos,Lucas Rafael Araújo Lima,90,
5475,11,Sport,Ronaldo,77,
5478,12,Sport,Matheus Ferraz Pereira,78,
5479,12,Santos,José Carlos Cracco Neto,83,
5480,12,Coritiba,Colin Kâzım-Richards,81,
5481,12,Chapecoense,Everton Kempes dos Santos Gonçalves,89,
5483,12,Corinthians,Marquinhos,75,Penalty
5485,12,Palmeiras,Gabriel Jesus,91,
5486,12,Botafogo-RJ,Bruno César Pereira da Silva,92,
5489,13,Vitoria,Vander Luiz Silva Souza,83,
5491,13,Santos,Yuri Oliveira Lima,87,
5493,13,Corinthians,Guilherme Milhomem Gusmão,78,
5497,14,Corinthians,Marquinhos,92,
5499,14,Ponte Preta,Douglas Grolli,79,
5500,14,Gremio,Deyvison Rogério da Silva,93,
5505,14,Athletico-PR,André Lima,82,
5507,15,Botafogo-RJ,Neilton Mestzk,80,
5508,15,Ponte Preta,Roger Rodrigues da Silva,84,
5515,15,Sport,Diego Souza,75,Penalty
5516,15,Atletico-MG,Robinho,85,
5517,16,Corinthians,Danilo Gabriel de Andrade,84,
5520,16,Internacional,Ariel Nahuelpán,82,
5523,16,Cruzeiro,Willian Gomes de Siqueira,92,
5524,16,Chapecoense,Lucas Gomes,88,
5525,16,Santos,Jean Mota Oliveira de Souza,82,
5526,16,America-MG,Juninho,77,
5530,17,Sao Paulo,Christian Cueva,86,Penalty
5532,17,Flamengo,Marcelo Cirino da Silva,89,
5535,17,Botafogo-RJ,Camilo,87,Penalty
5537,18,Vitoria,Mário Sérgio Santos Costa,88,
5538,18,Sport,Mark González,93,
5540,18,Athletico-PR,Walter Henrique da Silva,76,
5541,18,Ponte Preta,Reinaldo Manoel da Silva,85,
5545,18,Palmeiras,Jean Raphael Vanderlei Moreira,85,Penalty
5546,18,Fluminense,Magno Alves,79,
5548,19,America-MG,Juninho,90,
5549,19,Coritiba,Juan Maldonado Jaimez Júnior,80,Penalty
5550,19,Vitoria,Thiago Martins Bueno,75,Gol Contra
5551,19,Santa Cruz,Keno,84,
5552,19,Internacional,Fernando Paixão da Silva,78,
5553,19,Sport,Túlio de Melo,82,Penalty
5554,19,Atletico-MG,Maicosuel,79,
5556,19,Gremio,Matheus dos Santos Batista,80,
5558,20,Ponte Preta,Roger Rodrigues da Silva,83,
5562,20,Santos,Ricardo Oliveira,94,
5563,20,Santa Cruz,Matías Pisano,83,
5564,20,Botafogo-RJ,Luiz Ricardo Alves,93,
5566,20,Chapecoense,Alejandro Martinuccio,91,
5567,21,Chapecoense,Alison Wágner Lira Ferreira,92,Gol Contra
5568,21,Botafogo-RJ,Camilo,92,
5571,21,Internacional,Eugenio Mena,85,Gol Contra
5574,21,Coritiba,Iago Dias,86,
5575,21,Figueirense,Wéverton Almeida Santos,88,
5580,22,Atletico-MG,Robinho,87,
5582,22,Flamengo,Federico Mancuello,91,
5584,22,Sport,Vinícius Vasconcelos Araújo,89,
5585,22,America-MG,Danilo Barcelos,86,
5587,23,Chapecoense,Bruno Rangel,87,Penalty
5592,23,Flamengo,Luiz Fernando Pereira da Silva,90,
5599,24,Figueirense,Carlos Alberto Gomes de Jesus,87,Penalty
5600,24,Botafogo-RJ,Camilo,80,
5601,24,Sport,Luis Carlos Ruiz,80,
5603,24,Santos,Renato Dirnei Florêncio,85,
5606,24,Fluminense,Gustavo Scarpa,77,
5608,25,America-MG,Osman,80,
5609,25,Ponte Preta,Roger Rodrigues da Silva,76,
5610,25,Santa Cruz,Bruno Eduardo Moraes,91,
5612,25,Palmeiras,Gabriel Jesus,82,
5614,25,Chapecoense,Lourency do Nascimento Rodrigues,89,
5617,26,Palmeiras,Yerry Mina,76,
5619,26,Cruzeiro,Róbson Michael Signorini,76,
5623,26,Athletico-PR,Pablo Felipe Teixeira,80,
5624,26,Santa Cruz,Keno,101,
5626,26,America-MG,Michael Vinicius Silva de Morais,90,
5627,27,Coritiba,Iago Dias,76,
5630,27,Athletico-PR,Thiago Heleno,78,
5633,27,Fluminense,Cícero Santos,94,
5634,27,Flamengo,Federico Mancuello,89,
5636,27,Atletico-MG,Lucas Pratto,81,
5637,28,Fluminense,Gustavo Scarpa,87,
5640,28,Santos,Paulinho,83,
5642,28,Ponte Preta,Roger Rodrigues da Silva,79,
5645,28,Palmeiras,Róger Guedes,80,
5647,29,Athletico-PR,Pablo Felipe Teixeira,84,
5650,29,Santos,Ricardo Oliveira,80,
5652,29,Internacional,Victor Vinícius Coelho Santos,87,Penalty
5653,29,Cruzeiro,Róbson Michael Signorini,81,
5654,29,Flamengo,Marcelo Cirino da Silva,87,
5655,29,Palmeiras,Alecsandro,88,
5656,29,Botafogo-RJ,Bruno César Pereira da Silva,92,
5657,30,Chapecoense,Everton Kempes dos Santos Gonçalves,90,
5659,30,Santa Cruz,Keno,81,
5660,30,Botafogo-RJ,Luiz Ricardo Alves,85,Penalty
5663,30,Atletico-MG,Lucas Pratto,85,
5667,31,Botafogo-RJ,Dudu Cearense,91,
5670,31,Internacional,Victor Vinícius Coelho Santos,81,
5671,31,Palmeiras,Jean Raphael Vanderlei Moreira,84,
5676,31,Sao Paulo,Rodrigo Caio,81,
5677,32,Botafogo-RJ,Rodrigo Pimpão,87,
5678,32,Sao Paulo,David Neres Campos,82,
5684,32,Atletico-MG,Júnior Urso,88,
5686,32,America-MG,Éder Lima dos Santos,85,
5688,33,Vitoria,Mário Sérgio Santos Costa,88,
5689,33,Atletico-MG,Lucas Pratto,87,
5691,33,Chapecoense,Bruno Rangel,84,Penalty
5698,34,Sao Paulo,Luiz Araújo,93,
5699,34,Santos,Jonathan Copete,89,
5701,34,Fluminense,Ramón Ábila,93,Gol Contra
5703,34,Vitoria,Mário Sérgio Santos Costa,82,
5704,34,Coritiba,Kléber,93,Penalty
5705,34,Chapecoense,Everton Kempes dos Santos Gonçalves,76,
5706,34,Sport,Diego Souza,90,
5709,35,Coritiba,Leandro,75,
5712,35,Figueirense,Rafael Moura,93,
5713,35,Santos,Jonathan Copete,84,
5718,36,Cruzeiro,Manoel Messias Silva Carvalho,89,
5723,36,Coritiba,Kléber,88,
5725,36,Atletico-MG,Hyuri,80,
5727,37,Sport,Ronaldo Alves,80,
5730,37,Sao Paulo,Gilberto Oliveira Souza Junior,91,
5732,37,Flamengo,Diego Ribas,87,
5733,37,Internacional,Valdívia,75,
5735,37,Santa Cruz,Arthur Caike do Nascimento Cruz,90,
5738,38,Internacional,Gustavo Ferrareis,88,
5740,38,Sao Paulo,Luiz Araújo,82,
5742,38,Sport,Diego Souza,89,
5748,1,Santos,Vladimir Hernández,87,
5751,1,Ponte Preta,Clayson Henrique da Silva Vieira,92,
5753,1,Palmeiras,Miguel Borja,80,Penalty
5759,2,Vasco,Luís Fabiano,75,
5761,2,Corinthians,Jô,75,
5765,2,Sao Paulo,Luiz Araújo,91,
5766,3,Vasco,Nenê,93,
5767,3,Sao Paulo,Luiz Araújo,83,
5769,3,Atletico-MG,Rafael Moura,80,
5771,3,Cruzeiro,Thiago Neves,83,
5773,3,Gremio,Luiz Fernando Pereira da Silva,87,Penalty
5778,4,Corinthians,Jô,75,
5783,4,Gremio,Luan Guilherme de Jesus Vieira,93,
5789,5,Santos,Victor Ferraz,96,
5790,5,Corinthians,Clayton da Silveira da Silva,84,
5791,5,Sport,Thomás Jaguaribe Bedinelli,84,
5792,5,Atletico-GO,Luiz Fernando Moraes dos Santos,77,
5793,5,Sao Paulo,Lucas Pratto,93,
5794,5,Gremio,Luan Guilherme de Jesus Vieira,91,
5796,6,Palmeiras,Róger Guedes,94,
5797,6,Sport,André Felipe Ribeiro de Souza,94,Penalty
5802,6,Sao Paulo,Wellington Nem,84,
5803,6,Cruzeiro,Ramón Ábila,80,Penalty
5805,6,Gremio,Bruno Cortês,86,
5806,7,Athletico-PR,Sidcley Ferreira Pereira,90,
5807,7,Atletico-GO,Everaldo Stum,92,Penalty
5808,7,Vitoria,Kieza,76,
5815,7,Gremio,Luan Guilherme de Jesus Vieira,80,
5820,8,Palmeiras,Willian Gomes de Siqueira,92,
5821,8,Fluminense,Henrique Dourado,81,Penalty
5823,8,Atletico-MG,Rafael Moura,81,
5824,8,Vitoria,André Lima,79,
5826,9,Santos,Jonathan Copete,77,
5828,9,Vasco,Caio Monteiro,84,
5832,9,Corinthians,Fabián Balbuena,79,
5834,9,Gremio,Luiz Fernando Pereira da Silva,85,
5835,9,Flamengo,Paolo Guerrero,75,
5836,10,Sport,Osvaldo Filho,81,
5840,10,Athletico-PR,Matheus Rossetto,81,
5846,11,Palmeiras,Machado,78,Gol Contra
5848,11,Sport,Diego Souza,76,Penalty
5850,11,Atletico-MG,Fred,79,
5852,11,Corinthians,Jô,79,
5854,11,Coritiba,Kléber,88,
5855,11,Chapecoense,Arthur Caike do Nascimento Cruz,82,
5856,12,Vitoria,Uillian Correia,88,
5860,12,Bahia,João Paulo,84,
5861,12,Avai,Junior Dutra,85,
5862,12,Cruzeiro,José Élber Pimentel da Silva,92,
5863,12,Sao Paulo,Shaylon,75,
5864,12,Botafogo-RJ,Roger Rodrigues da Silva,93,
5865,12,Sport,Walisson,92,Gol Contra
5866,13,Bahia,Renê Júnior,85,
5867,13,Santos,Daniel Guedes,93,
5870,13,Cruzeiro,Rafael Marques Mariano,86,
5871,13,Vasco,Paulo Vitor Fernandes Pereira,91,
5872,13,Atletico-GO,Everaldo Stum,86,
5873,13,Sport,Diego Souza,92,
5875,13,Coritiba,Rildo de Andrade Felicissimo,80,
5876,14,Athletico-PR,Otávio Henrique Santos,82,
5877,14,Vitoria,David Corrêa da Fonseca,85,
5880,14,Chapecoense,Lucas Marques,91,
5882,14,Gremio,Everton Sousa Soares,88,
5883,14,Bahia,Renê Júnior,75,
5889,15,Ponte Preta,Lucca Borges de Brito,83,
5890,15,Bahia,Paulo Roberto Valoura Junior,88,
5894,15,Sport,André Felipe Ribeiro de Souza,81,
5897,16,Flamengo,Éverton Ribeiro,91,Penalty
5898,16,Santos,Bruno Henrique,76,
5902,16,Ponte Preta,Lucca Borges de Brito,93,Penalty
5903,16,Atletico-GO,Paulinho,76,
5906,17,Sao Paulo,Hernanes,85,
5908,17,Atletico-GO,Gilvan,84,
5910,17,Sport,Reinaldo Lenis,92,
5918,18,Corinthians,Rodrigo Eduardo Costa Marinho,83,
5920,18,Santos,Alison Lopes Ferreira,85,
5921,18,Gremio,Michel Ferreira dos Santos,83,
5922,18,Palmeiras,Deyverson,86,
5923,18,Athletico-PR,Eduardo Henrique,78,
5924,18,Sao Paulo,Denílson Pereira Júnior,88,
5925,18,Cruzeiro,Róbson Michael Signorini,88,
5926,19,Sport,Thallyson,83,
5938,20,Sao Paulo,Hernanes,82,Penalty
5941,20,Palmeiras,Alejandro Guerra,77,
5942,20,Athletico-PR,Sidcley Ferreira Pereira,86,
5945,20,Corinthians,Jô,90,
5947,21,Flamengo,Vinícius Júnior,75,
5949,21,Sao Paulo,Hernanes,79,Penalty
5951,21,Cruzeiro,Raniel,87,
5952,21,Ponte Preta,Emerson Sheik,88,
5954,21,Chapecoense,Túlio de Melo,95,
5955,21,Fluminense,Henrique Dourado,87,
5958,22,Atletico-MG,Rómulo Otero,89,
5959,22,Palmeiras,Keno,79,
5960,22,Botafogo-RJ,Bruno César Pereira da Silva,92,
5965,22,Gremio,Dionathã,83,
5968,23,Ponte Preta,Léo Gamalho,75,
5969,23,Athletico-PR,Felipe Gedoz,87,Penalty
5970,23,Santos,Ricardo Oliveira,93,
5972,23,Fluminense,Henrique Dourado,90,Penalty
5973,23,Chapecoense,Túlio de Melo,83,
5977,24,Atletico-GO,Ronaldo da Silva Souza,93,
5978,24,Atletico-MG,Rómulo Otero,83,
5981,24,Athletico-PR,Ribamar,80,
5982,24,Vitoria,Santiago Tréllez,90,
5983,24,Flamengo,Éverton Ribeiro,93,
5986,25,Flamengo,Rodinei de Almeida,81,
5988,25,Corinthians,Clayson Henrique da Silva Vieira,78,
5990,25,Botafogo-RJ,João Paulo,84,
5993,25,Vitoria,Santiago Tréllez,94,
5994,25,Bahia,Rodrigão,97,Penalty
5995,25,Sport,André Felipe Ribeiro de Souza,84,
5998,26,Santos,Ricardo Oliveira,76,
5999,26,Corinthians,Clayson Henrique da Silva Vieira,84,Penalty
6000,26,Vitoria,André Lima,90,
6002,26,Gremio,Beto da Silva,86,
6004,26,Atletico-MG,Robinho,83,
6006,28,Cruzeiro,Manoel Messias Silva Carvalho,76,
6008,28,Sao Paulo,Maicosuel,83,
6009,28,Flamengo,Diego Ribas,79,
6010,28,Atletico-GO,Walter Henrique da Silva,77,Penalty
6013,28,Gremio,Ramiro Moschen Benetti,92,
6014,28,Bahia,Régis,94,
6016,27,Atletico-GO,Walter Henrique da Silva,82,
6017,27,Botafogo-RJ,Vinícius Tanque,95,
6018,27,Corinthians,Clayson Henrique da Silva Vieira,79,
6022,27,Vitoria,Santiago Tréllez,83,
6025,27,Bahia,Edigar Junio,89,Penalty
6028,29,Chapecoense,Luiz Antônio de Souza Soares,80,
6029,29,Botafogo-RJ,Marcos Vinícius de Jesus Araújo,96,
6030,29,Fluminense,Robson Azevedo da Silva,85,Penalty
6032,29,Athletico-PR,Ribamar,79,
6034,29,Flamengo,Diego Ribas,87,
6035,29,Sport,José Rogério de Oliveira Melo,84,
6038,30,Bahia,Edigar Junio,89,
6039,30,Gremio,Michel Ferreira dos Santos,79,
6041,30,Athletico-PR,Felipe Gedoz,88,Penalty
6042,30,Atletico-MG,Robinho,81,
6045,30,Botafogo-RJ,Igor Rabello,76,
6053,31,Coritiba,Jonas Gomes de Sousa,78,
6055,31,Palmeiras,Miguel Borja,86,
6056,32,Santos,Ricardo Oliveira,79,
6057,32,Fluminense,Matheus Alessandro,87,
6059,32,Coritiba,Jonas Gomes de Sousa,85,
6062,32,Gremio,Luan Guilherme de Jesus Vieira,82,
6063,32,Bahia,Edigar Junio,93,
6064,32,Vitoria,André Lima,91,
6065,32,Sport,André Felipe Ribeiro de Souza,97,Penalty
6067,33,Bahia,Edigar Junio,79,
6068,33,Sport,André Felipe Ribeiro de Souza,85,
6069,33,Corinthians,Giovanni Augusto,77,
6070,33,Vasco,Evander,84,
6071,33,Flamengo,Vinícius Júnior,94,
6073,33,Sao Paulo,Robert Arboleda,82,
6078,34,Vasco,Caio Monteiro,75,
6080,34,Atletico-GO,Diego Rosa,76,
6086,35,Athletico-PR,Sidcley Ferreira Pereira,77,
6087,35,Cruzeiro,Judivan,78,Penalty
6090,35,Corinthians,Jadson,84,
6092,35,Chapecoense,Túlio de Melo,77,
6093,35,Palmeiras,Keno,92,
6095,35,Bahia,Edigar Junio,78,Penalty
6098,36,Cruzeiro,Alisson Euler de Freitas Castro,76,
6099,36,Atletico-GO,Luiz Fernando Moraes dos Santos,90,
6104,36,Fluminense,Henrique Dourado,86,
6109,37,Vitoria,Santiago Tréllez,81,
6116,38,Atletico-MG,Rómulo Otero,98,
6120,38,Flamengo,Rafael Vaz,75,
6122,38,Bahia,Éder,88,
6123,38,Chapecoense,Túlio de Melo,94,
6124,38,Ponte Preta,Lucca Borges de Brito,88,Penalty
6127,1,Vitoria,Denílson Pereira Júnior,76,
6130,1,Vasco,Wagner Ferreira dos Santos,87,
6132,1,Corinthians,Rodrigo Eduardo Costa Marinho,86,
6133,1,Athletico-PR,Matheus Rossetto,88,
6135,1,Botafogo-RJ,Igor Rabello,82,
6136,2,Bahia,Júnior Brumado,94,
6138,2,Corinthians,Clayson Henrique da Silva Vieira,80,
6140,2,Vitoria,Gabriel Costa França,88,Gol Contra
6145,2,Sport,Everton Felipe,86,
6146,3,Botafogo-RJ,Gilson Gomes do Nascimento,92,
6150,3,Parana,Jhonny Lucas,90,
6151,3,Atletico-MG,Róger Guedes,87,
6152,3,Fluminense,Pedro,89,
6154,3,Vitoria,Pedro Botelho,76,
6155,3,Vasco,Andrés Ríos,79,
6156,4,Vasco,Andrés Ríos,79,
6157,4,Sao Paulo,Diego Souza,82,
6159,4,Flamengo,Éverton Ribeiro,87,
6161,4,Palmeiras,Willian Gomes de Siqueira,85,
6162,4,Fluminense,Gilberto Moraes Júnior,86,
6163,4,Gremio,Arthur,80,
6169,5,Vitoria,Werley Ananias da Silva,76,Gol Contra
6171,5,Sao Paulo,Shaylon,93,
6172,5,Flamengo,Vinícius Júnior,78,
6173,5,Parana,Silvinho,93,
6175,5,Ceara,Pio,93,Penalty
6179,6,Vitoria,Neilton Mestzk,85,Penalty
6181,6,America-MG,Juninho,78,
6185,6,Internacional,Patrick,84,
6186,7,Fluminense,Pedro,87,
6187,7,Palmeiras,Hyoran,82,
6188,7,Flamengo,Éverton Ribeiro,80,
6190,7,Internacional,Rossicley Pereira da Silva,92,
6191,7,Bahia,José Rafael Vivian,89,
6192,7,Cruzeiro,Bruno César Pereira da Silva,75,
6194,7,Gremio,Thonny Anderson,81,
6197,8,Internacional,Nicolás Federico López,94,
6199,8,Chapecoense,Héctor Canteros,79,
6200,8,Botafogo-RJ,Rodrigo Pimpão,83,
6210,9,Flamengo,Felipe Vizeu,80,
6211,9,Gremio,Thaciano,93,
6212,9,America-MG,Serginho,76,
6213,9,Vitoria,Ramon Menezes Roma,84,
6215,9,Parana,Guilherme Biteco,88,
6219,10,Santos,Victor Ferraz,75,
6221,10,Palmeiras,Willian Gomes de Siqueira,87,
6224,10,Flamengo,Felipe Vizeu,79,
6225,10,Atletico-MG,Tomás Andrade,89,
6227,11,Chapecoense,Bruno da Silva Costa,80,
6228,11,Vasco,Ramon de Morais Motta,90,
6230,11,Atletico-MG,Ricardo Oliveira,87,
6231,11,Botafogo-RJ,Leonardo Valencia,84,
6233,11,Ceara,Elton Rodrigues Brandão,88,
6238,12,Santos,Bruno Henrique,86,
6240,12,Parana,Silvinho,76,
6243,12,Bahia,Eugenio Mena,91,
6245,12,Atletico-MG,Róger Guedes,81,
6248,13,Corinthians,Ángel Romero,76,
6251,13,Bahia,Gilberto Oliveira Souza Junior,79,
6253,13,Fluminense,Pedro,89,
6254,13,Santos,Gustavo Henrique Vernes,75,
6255,13,Internacional,Wellington Alves da Silva,78,
6257,14,Sao Paulo,Reinaldo Manoel da Silva,82,
6259,14,Atletico-MG,Yimmi Chará,81,
6262,14,Fluminense,Pedro,86,
6263,14,Cruzeiro,Hernán Barcos,81,
6265,14,Internacional,William Pottker,76,
6268,15,Corinthians,Ángel Romero,80,
6273,15,Internacional,Jonatan Álvez,89,
6274,15,Bahia,Gilberto Oliveira Souza Junior,87,
6277,16,Palmeiras,Lucas Rafael Araújo Lima,78,
6278,16,Corinthians,Ángel Romero,93,
6282,16,Sao Paulo,Éverton Cardoso da Silva,77,
6285,16,Atletico-MG,Ricardo Oliveira,92,
6289,17,Cruzeiro,Manoel Messias Silva Carvalho,75,
6292,17,Sao Paulo,Santiago Tréllez,81,
6293,17,Bahia,Edigar Junio,82,
6294,17,Sport,Carlos Henrique Alves Pereira,92,
6295,17,Internacional,Edenílson Andrade dos Santos,102,
6296,20,Ceara,Arthur Mendonça Cabral,78,
6299,20,Palmeiras,Lucas Rafael Araújo Lima,78,
6305,20,Chapecoense,Bruno Guimarães,78,Gol Contra
6308,18,Parana,Alex Paulo Menezes Santana,96,
6309,18,Atletico-MG,Ricardo Oliveira,95,
6310,18,Sao Paulo,Santiago Tréllez,90,
6312,18,Chapecoense,Agustín Doffo,95,
6313,18,Gremio,Everton Sousa Soares,82,
6316,19,Santos,Rodrygo Silva de Goes,82,
6319,19,Internacional,Camilo,96,
6321,19,Atletico-MG,Tomás Andrade,90,
6324,19,Sao Paulo,Hudson,83,
6326,21,Santos,Gabriel Barbosa,75,
6330,21,Botafogo-RJ,Rodrigo Aguirre,84,
6331,21,Sao Paulo,Bruno Peres,78,
6332,21,America-MG,Gérson Magrão,87,
6335,21,Chapecoense,Leandro,79,
6337,22,Gremio,André Felipe Ribeiro de Souza,76,Penalty
6338,22,Santos,Gabriel Barbosa,82,
6340,22,Ceara,Leandro Carvalho,91,
6341,22,Athletico-PR,Rony,78,
6346,23,Bahia,Tiago Pagnussat,85,
6349,23,Palmeiras,Moisés Lima Magalhães,95,Penalty
6350,23,Chapecoense,Diego Torres,87,
6355,23,America-MG,Gérson Magrão,80,
6363,24,Santos,Gabriel Barbosa,78,
6365,24,Atletico-MG,Ricardo Oliveira,83,
6371,25,Palmeiras,Felipe Melo,78,
6374,25,Corinthians,Danilo Avelar,89,
6375,25,Chapecoense,Leandro,82,Penalty
6376,26,America-MG,Matheus Leonardo Sales Cardoso,81,
6378,26,Athletico-PR,Marcelo Cirino da Silva,89,
6381,26,Palmeiras,Willian Gomes de Siqueira,81,
6382,26,Vitoria,Maurício Cordeiro,88,
6383,26,Cruzeiro,Raniel,83,
6384,26,Chapecoense,Leandro,79,
6385,26,Vasco,Marrony,78,
6386,27,Gremio,Everton Sousa Soares,93,
6391,27,Santos,Carlos Andrés Sánchez,97,Penalty
6393,27,Internacional,Andrés D'Alessandro,86,Penalty
6394,27,Ceara,Leandro Carvalho,77,
6396,28,Sport,Adryelson,79,
6397,28,Flamengo,Renê Rodrigues Martins,92,
6399,28,Athletico-PR,Pablo Felipe Teixeira,75,
6400,28,Chapecoense,Agustín Doffo,93,
6402,28,Gremio,Juninho Capixaba,85,
6403,28,Fluminense,Luciano da Rocha Neves,85,
6405,28,Ceara,Arthur Mendonça Cabral,81,
6408,29,Bahia,Vinícius,89,
6411,29,Internacional,Nicolás Federico López,95,Penalty
6412,29,Palmeiras,Deyverson,79,
6414,29,Athletico-PR,Bérgson Gustavo Silveira da Silva,84,
6420,30,Corinthians,Roger Rodrigues da Silva,91,
6424,30,Flamengo,Henrique Dourado,91,
6425,30,Santos,Fabiano,79,Gol Contra
6427,31,Vasco,Maxi López,92,Penalty
6428,31,Santos,Victor Ferraz,88,
6430,31,Bahia,Clayton da Silveira da Silva,85,Penalty
6432,31,Flamengo,Marlos Moreno,81,
6434,31,Athletico-PR,Pablo Felipe Teixeira,84,
6440,32,Vitoria,Léo Pereira,84,
6441,32,Flamengo,Rodinei de Almeida,82,
6443,32,Internacional,Rodrigo Moledo,82,
6446,33,Parana,Andrey Nunes dos Santos,90,
6447,33,Sao Paulo,Brenner,81,
6452,33,Palmeiras,Bruno Henrique Corsini,77,Penalty
6453,33,Gremio,Matheus Henrique de Souza,95,
6456,34,Athletico-PR,Léo Pereira,95,
6457,34,Bahia,Edigar Junio,93,
6460,34,Palmeiras,Felipe Melo,83,
6467,35,Vitoria,Neilton Mestzk,92,Penalty
6471,35,Flamengo,Willian Arão,82,
6474,35,Gremio,Everton Sousa Soares,75,
6476,36,Internacional,Andrés D'Alessandro,83,Penalty
6479,36,Palmeiras,Willian Gomes de Siqueira,76,
6480,36,Flamengo,Diego Ribas,90,
6482,36,Vasco,Yago Pikachu,95,
6487,37,Ceara,Wescley,83,
6491,37,Internacional,Nicolás Federico López,75,
6494,37,Botafogo-RJ,Erik Nascimento de Lima,75,
6501,38,Sport,Hernane Vidal de Souza,92,
6502,38,Parana,Jhonny Lucas,92,
6505,38,Palmeiras,Bruno Henrique Corsini,90,
6506,1,Sao Paulo,Hudson,83,
6508,1,Chapecoense,Everaldo Stum,88,
6509,1,Flamengo,Gabriel Barbosa,90,
6510,1,Gremio,Everton Sousa Soares,93,
6511,1,Bahia,José Rogério de Oliveira Melo,84,
6512,1,Athletico-PR,Nikão,86,
6513,1,Ceara,Ricardo Bueno,89,
6514,1,Palmeiras,Bruno Henrique Corsini,91,
6515,1,Goias,Rafael Vaz,89,
6516,2,Internacional,Martín Sarrafiore,77,
6520,2,Avai,Michel Ferreira dos Santos,85,Gol Contra
6522,2,Atletico-MG,Yimmi Chará,90,
6523,2,Fortaleza,Wellington Paulista,76,
6524,2,Fluminense,Pedro,85,
6525,2,Bahia,Ernando Rodrigues Lopes,83,
6528,3,Atletico-MG,Jair Rodrigues Júnior,93,
6529,3,Chapecoense,Everaldo Stum,89,
6530,3,Sao Paulo,Danilo Neves,83,
6533,3,Cruzeiro,Rodrigo Eduardo Costa Marinho,81,
6534,3,Gremio,Walter Kannemann,84,
6538,4,Goias,Leandro Barcia Montero,91,
6539,4,Chapecoense,Gum,92,
6542,4,Internacional,Rodrigo Moledo,83,
6545,4,Sao Paulo,Hernanes,77,
6546,5,Fluminense,João Pedro,95,
6547,5,Palmeiras,Hyoran,88,
6551,5,Corinthians,Pedrinho,87,
6552,5,Goias,Kayke Moreno,87,
6554,5,Vasco,Ricardo Graça,82,
6558,6,Flamengo,Rodrigo Caio,96,
6560,6,Fortaleza,Romarinho,89,
6561,6,Chapecoense,Diego Torres,85,
6562,6,Fluminense,João Pedro,80,
6565,6,Ceara,Thiago Galhardo,87,
6570,7,Athletico-PR,Marcelo Cirino da Silva,84,
6572,7,Atletico-MG,Adílson Warken,76,
6574,7,Internacional,Edenílson Andrade dos Santos,77,
6575,7,Corinthians,Mauro Boselli,87,Penalty
6577,8,Palmeiras,Raphael Cavalcante Veiga,80,Penalty
6578,8,Gremio,Pepê,90,
6582,8,Botafogo-RJ,Cícero Santos,83,
6584,8,Santos,Carlos Andrés Sánchez,81,
6585,8,Goias,Jefferson,78,
6586,9,Gremio,Jean Pyerre,81,
6588,9,Internacional,Andrés D'Alessandro,81,
6589,9,Flamengo,Gabriel Barbosa,77,
6591,9,Vasco,Danilo Barcelos,80,
6595,9,Athletico-PR,Rafael Vaz,92,Gol Contra
6596,10,Gremio,Pepê,86,
6598,10,Santos,Carlos Andrés Sánchez,87,
6600,10,Flamengo,Gabriel Barbosa,81,
6601,10,Corinthians,Vágner Love,78,
6602,10,Athletico-PR,Vitor Hugo Naum dos Santos,89,
6604,10,Atletico-MG,Vinícius,99,
6606,11,Vasco,Bruno César,76,
6609,11,Athletico-PR,Léo Cittadini,86,
6611,11,Santos,Mário Sérgio Santos Costa,75,
6613,11,Flamengo,Gabriel Barbosa,85,
6615,11,Sao Paulo,Vitor Bueno,91,
6617,12,Athletico-PR,Bruno Guimarães,77,
6618,12,Sao Paulo,Reinaldo Manoel da Silva,97,Penalty
6622,12,Santos,Felipe Jonatan,78,
6624,12,Corinthians,Danilo Avelar,81,
6627,13,Internacional,Edenílson Andrade dos Santos,92,
6628,13,Santos,Yeferson Soteldo,81,
6633,13,Atletico-MG,Nathan Allan de Souza,92,
6634,13,Gremio,Diego Tardelli,80,
6636,14,Ceara,Thiago Galhardo,90,
6637,14,Santos,Raniel,86,Gol Contra
6638,14,Flamengo,Éverton Ribeiro,92,
6639,14,Fluminense,Nenê,88,
6641,14,Bahia,Gilberto Oliveira Souza Junior,85,Penalty
6642,14,Cruzeiro,Luiz Ricardo Alves,93,
6643,14,Botafogo-RJ,Diego Souza,77,Penalty
6648,15,Flamengo,Giorgian De Arrascaeta,83,Penalty
6650,15,Gremio,David Braz,88,
6651,15,CSA,Jonatan Gómez,79,
6658,16,Goias,Rafael Vaz,96,
6659,16,Vasco,Fellipe Bastos,81,
6660,16,Fortaleza,Tinga,95,
6661,16,Flamengo,Giorgian De Arrascaeta,97,
6662,16,Corinthians,Vágner Love,77,
6663,16,CSA,Apodi,94,
6667,17,Bahia,Arthur Caike do Nascimento Cruz,86,
6670,17,Botafogo-RJ,Márcio Almeida de Oliveira,95,
6673,17,Cruzeiro,Maurício,80,
6674,17,Corinthians,Gustavo,89,
6675,17,Avai,João Paulo,87,Penalty
6677,18,Ceara,Leandro Carvalho,92,
6679,18,Fluminense,João Pedro,86,
6680,18,Internacional,Rafael Sóbis,77,Penalty
6681,18,Palmeiras,Willian Gomes de Siqueira,81,
6682,18,Gremio,Everton Sousa Soares,77,
6683,18,Santos,Carlos Andrés Sánchez,91,Penalty
6684,18,Atletico-MG,Franco Di Santo,93,
6685,18,CSA,Jonatan Gómez,94,
6687,19,Vasco,Talles Magno,75,
6691,19,Atletico-MG,Bruninho,88,
6695,19,Sao Paulo,Reinaldo Manoel da Silva,87,
6696,20,Sao Paulo,Pablo Felipe Teixeira,92,
6698,20,Corinthians,Clayson Henrique da Silva Vieira,75,
6699,20,Gremio,Pepê,87,
6700,20,Internacional,Rodrigo Lindoso,86,
6704,20,Goias,Yago Rocha,89,
6710,21,CSA,Ricardo Bueno,88,
6712,21,Avai,Geirton Marques Aires,86,
6713,21,Athletico-PR,Marcelo Cirino da Silva,94,
6714,21,Vasco,Marcos Antônio Candido Ferreira Júnior,94,
6720,22,Gremio,Patrick,75,
6722,22,Atletico-MG,Luan Madson Gedeão de Paiva,81,
6727,23,Sao Paulo,Igor Gomes,79,
6729,23,Bahia,José Fernando Viana de Santana,76,
6733,23,Palmeiras,Eduardo Pereira Rodrigues,83,
6735,23,CSA,Apodi,95,
6737,24,Goias,Marcelo da Conceição Benevenuto Malaquias,77,Gol Contra
6738,24,Fortaleza,Wellington Paulista,81,
6745,24,Flamengo,Reinier,76,
6750,25,Flamengo,Bruno Henrique,91,
6751,25,Ceara,Bérgson Gustavo Silveira da Silva,90,
6754,25,Gremio,Alisson Euler de Freitas Castro,94,
6755,25,Chapecoense,Camilo,95,
6756,26,CSA,Jonatan Gómez,89,Penalty
6757,26,Bahia,Arthur Caike do Nascimento Cruz,91,Penalty
6758,26,Flamengo,Gabriel Barbosa,83,Penalty
6760,26,Palmeiras,Felipe Melo,99,
6761,26,Corinthians,Gustavo,97,Penalty
6763,26,Internacional,Martín Sarrafiore,85,
6764,26,Santos,Gustavo Henrique Vernes,84,
6772,27,Goias,Rafael Vaz,85,
6774,27,Bahia,Artur Victor Guimarães,76,
6777,28,Ceara,Bérgson Gustavo Silveira da Silva,81,
6778,28,Bahia,José Carlos Ferreira Júnior,86,
6780,28,Cruzeiro,Luis Manuel Orejuela,80,
6781,28,Athletico-PR,Marco Ruben,94,
6782,28,Gremio,Everton Sousa Soares,80,
6784,28,Avai,João Paulo,79,Penalty
6787,29,Fortaleza,Wellington Paulista,89,Penalty
6789,29,Ceara,Mateus Gonçalves Martins,92,
6791,29,CSA,Ricardo Bueno,80,
6793,29,Goias,Michael Richard Delgado de Oliveira,94,
6795,29,Cruzeiro,Éderson,97,
6796,30,Atletico-MG,Fábio Santos,86,
6799,30,Sao Paulo,Antony Matheus dos Santos,80,
6801,30,Athletico-PR,Marcelo Cirino da Silva,82,
6802,30,Gremio,Rômulo Borges Monteiro,78,
6805,30,Goias,Thalles,94,
6807,31,Atletico-MG,Bruninho,94,
6810,31,Palmeiras,Luiz Adriano,77,
6811,31,Bahia,Marco Antonio Rosa Furtado Júnior,85,
6812,31,Ceara,Mateus Gonçalves Martins,88,
6814,31,Flamengo,Lincoln Corrêa dos Santos,89,
6815,31,Gremio,Ronaldo Alves,93,Gol Contra
6817,32,Palmeiras,Bruno Henrique Corsini,94,
6820,32,Athletico-PR,Marcelo Cirino da Silva,90,
6821,32,Flamengo,Gabriel Barbosa,87,
6824,32,Vasco,Carlos Andrade Souza,81,Gol Contra
6825,32,Botafogo-RJ,Diego Souza,88,Penalty
6826,34,Vasco,Ribamar,93,
6827,34,Santos,Diego Pituca,90,
6828,34,Gremio,Pepê,94,
6829,34,Athletico-PR,Vitor Hugo Naum dos Santos,87,
6830,34,Bahia,João Pedro Maturano dos Santos,77,
6832,34,Ceara,Felipe de Oliveira Silva,96,
6833,34,Internacional,Paolo Guerrero,83,
6834,34,Chapecoense,Everaldo Stum,77,
6837,33,Atletico-MG,Franco Di Santo,89,
6840,33,Chapecoense,Everaldo Stum,82,
6844,33,Goias,Oswaldo José Henríquez Bocanegra,97,Gol Contra
6846,35,Internacional,Paolo Guerrero,78,
6850,35,Flamengo,Victor Vinícius Coelho Santos,91,
6851,35,Corinthians,Mauro Boselli,87,
6856,36,Internacional,Paolo Guerrero,84,
6857,36,Ceara,Mateus Gonçalves Martins,88,
6858,36,Avai,João Paulo,93,Penalty
6859,36,Palmeiras,Matheus Fernandes,84,
6861,36,Bahia,Arthur Caike do Nascimento Cruz,86,
6867,37,Corinthians,Gustavo,81,
6869,37,Chapecoense,Maurício Ramos,79,
6872,37,Gremio,Pepê,85,Penalty
6873,37,Palmeiras,Eduardo Pereira Rodrigues,82,
6874,37,Vasco,Marrony,85,
6875,37,Flamengo,Reinier,84,
6877,38,Santos,Carlos Andrés Sánchez,85,
6880,38,Internacional,Víctor Cuesta,98,
6881,38,Palmeiras,Eduardo Pereira Rodrigues,84,
6883,38,Chapecoense,Vinícius,93,
6885,38,Fortaleza,Tinga,78,
6889,1,Bragantino,Claudinho,93,
6893,1,Bahia,José Élber Pimentel da Silva,84,
6894,1,Sao Paulo,Hernanes,83,
6896,2,Athletico-PR,Carlos Eduardo Ferreira de Souza,76,
6904,2,Internacional,Edenílson Andrade dos Santos,88,
6909,3,Atletico-MG,Marrony,92,
6910,3,Bahia,Ernando Rodrigues Lopes,93,
6911,3,Vasco,Germán Cano,75,
6912,3,Fluminense,Nenê,77,Penalty
6913,3,Sport,Iago Maidana,94,
6915,3,Santos,Mário Sérgio Santos Costa,82,
6916,4,Flamengo,Gabriel Barbosa,89,Penalty
6917,4,Bragantino,Luis Phelipe,82,
6918,4,Palmeiras,Raphael Cavalcante Veiga,92,
6919,4,Goias,Jefferson,80,
6920,4,Internacional,Thiago Galhardo,90,Penalty
6921,4,Corinthians,Gustavo Mosquito,87,
6922,4,Botafogo-RJ,Caio Alexandre,88,
6923,4,Santos,Mário Sérgio Santos Costa,76,
6924,4,Vasco,Fellipe Bastos,78,
6925,4,Sao Paulo,Luciano da Rocha Neves,85,
6928,5,Goias,Victor Andrade,95,
6929,5,Flamengo,Gabriel Barbosa,101,Penalty
6934,5,Ceara,Mateus Gonçalves Martins,75,
6935,5,Corinthians,Luan Guilherme de Jesus Vieira,76,
6937,11,Bahia,Saldanha,89,
6939,11,Ceara,Wescley,89,
6940,11,Atletico-MG,Keno,78,
6941,11,Gremio,Aldemir Ferreira,92,
6942,11,Coritiba,Robson Fernandes,90,Penalty
6945,11,Flamengo,Pedro,96,
6947,6,Vasco,Talles Magno,86,
6948,6,Bahia,Marco Antonio Rosa Furtado Júnior,95,
6949,6,Fortaleza,Wellington Paulista,86,
6950,6,Sao Paulo,Brenner,92,
6951,6,Coritiba,Sabino,95,Penalty
6953,6,Ceara,Lima,96,
6957,7,Atletico-GO,Renato Kayzer,79,
6958,7,Corinthians,Danilo Avelar,91,
6961,7,Bahia,Daniel Sampaio Simões,90,
6962,7,Palmeiras,Luiz Adriano,94,
6964,7,Gremio,Pepê,78,
6966,8,Flamengo,Gabriel Barbosa,87,
6967,8,Botafogo-RJ,Salomon Kalou,75,
6969,8,Palmeiras,Willian Gomes de Siqueira,94,
6970,8,Bahia,Clayson Henrique da Silva Vieira,97,Penalty
6971,8,Sao Paulo,Vitor Bueno,92,
6974,8,Sport,Marquinhos,76,
6976,9,Athletico-PR,Ravanelli Ferreira dos Santos,88,
6978,9,Goias,Sabino,83,Gol Contra
6979,9,Sao Paulo,Luciano da Rocha Neves,78,
6980,9,Fluminense,Rodrigo Junior Paula Silva,92,
6981,9,Santos,Mário Sérgio Santos Costa,99,Penalty
6982,9,Internacional,Thiago Galhardo,76,
6988,10,Corinthians,Mateus Vital,95,
6990,10,Atletico-MG,Jefferson Savarino,87,
6995,10,Botafogo-RJ,Matheus Babi,83,
7002,12,Goias,David Duarte,91,
7005,12,Fluminense,Paulo Henrique Ganso,87,Penalty
7006,13,Internacional,Thiago Galhardo,75,Penalty
7007,13,Palmeiras,Willian Gomes de Siqueira,82,
7011,13,Flamengo,Éverton Ribeiro,77,
7013,13,Goias,Victor Andrade,85,
7014,13,Bahia,Saldanha,77,
7021,14,Fluminense,Rodrigo Junior Paula Silva,76,
7022,14,Palmeiras,Willian Gomes de Siqueira,77,
7023,14,Fortaleza,Bruno Ferreira Melo,85,
7028,15,Sao Paulo,Vitor Bueno,93,
7029,15,Atletico-MG,Marrony,92,
7031,15,Santos,Mário Sérgio Santos Costa,79,Penalty
7033,15,Atletico-GO,Matheus Cotulio Bossa,90,
7034,15,Ceara,Fernando Sobral,91,Penalty
7039,16,Corinthians,Everaldo,95,
7041,16,Sport,Mikael,90,
7043,16,Bahia,Fessin (futebolista),95,
7048,17,Fluminense,Danilo Barcelos,91,
7050,17,Flamengo,Diego Ribas,86,
7054,17,Bahia,Gilberto Oliveira Souza Junior,89,
7056,18,Corinthians,Everaldo,90,
7057,18,Bragantino,Claudinho,83,
7061,18,Fluminense,Marcos Paulo Costa do Nascimento,93,
7062,18,Gremio,Aldemir Ferreira,88,
7063,18,Flamengo,Éverton Ribeiro,95,
7065,18,Sao Paulo,Hernanes,90,
7069,19,Fluminense,Wellington Alves da Silva,75,
7070,19,Sao Paulo,Luciano da Rocha Neves,82,
7074,19,Palmeiras,Wesley Ribeiro Silva,77,
7075,19,Bragantino,Jan Hurtado,77,
7076,20,Athletico-PR,Renato Kayzer,91,
7077,20,Sao Paulo,Igor Gomes,79,
7081,20,Bragantino,Léo Ortiz,96,
7082,20,Atletico-MG,Matías Zaracho,82,
7083,20,Bahia,Rodrigo Eduardo Costa Marinho,99,Penalty
7089,21,Atletico-MG,Marrony,83,
7090,21,Sao Paulo,Luciano da Rocha Neves,81,
7091,21,Ceara,Tiago Pagnussat,91,
7095,21,Bragantino,Claudinho,86,Penalty
7097,22,Athletico-PR,Thiago Heleno,76,
7098,22,Flamengo,Renê Rodrigues Martins,76,
7099,22,Goias,Miguel Figueira,93,
7102,22,Fluminense,Caio Paulista,81,
7103,22,Botafogo-RJ,Warley,81,
7110,23,Santos,Yeferson Soteldo,82,Penalty
7111,23,Bahia,Clayson Henrique da Silva Vieira,81,
7113,23,Ceara,Saulo Mineiro,79,
7115,23,Gremio,Diego Souza,85,
7119,24,Fluminense,Marcos Paulo Costa do Nascimento,75,
7120,24,Ceara,Saulo Mineiro,95,
7123,24,Gremio,Lucas Silva Borges,93,Penalty
7124,24,Internacional,João Peglow,88,
7127,25,Bragantino,Thonny Anderson,88,
7131,25,Atletico-GO,Jean Paulo Fernandes Filho,78,Penalty
7132,25,Santos,Bruno Henrique Marques Torres,75,
7135,25,Vasco,Germán Cano,92,
7136,26,Sao Paulo,Jonas Toró,91,
7137,26,Atletico-GO,Jean Paulo Fernandes Filho,87,Penalty
7139,26,Internacional,Yuri Alberto,83,
7140,26,Botafogo-RJ,Pedro Raúl,82,Penalty
7143,26,Flamengo,Pedro,82,
7146,27,Atletico-MG,Eduardo Sasha,83,
7150,27,Corinthians,Mateus Vital,95,
7160,28,Fluminense,Yago Rocha,93,
7161,28,Sao Paulo,Gonzalo Carneiro,95,
7162,28,Internacional,Yuri Alberto,77,
7170,29,Ceara,Kelvyn,90,
7171,29,Bahia,Gabriel Novaes,75,
7173,29,Vasco,Yago Pikachu,96,Penalty
7174,29,Atletico-MG,Hyoran,100,Penalty
7175,29,Corinthians,Luan Guilherme de Jesus Vieira,91,
7176,30,Gremio,Diego Souza,88,
7180,30,Santos,Bruno Henrique Marques Torres,82,
7181,30,Atletico-GO,Janderson,75,
7182,30,Bragantino,Claudinho,97,Penalty
7183,30,Internacional,Carlos Emiliano Pereira,77,Gol Contra
7184,30,Flamengo,Pedro,94,
7186,31,Atletico-GO,Zé Roberto,79,
7188,31,Gremio,Éverton Cardoso da Silva,85,
7189,31,Coritiba,Robson Fernandes,76,
7191,31,Bragantino,Claudinho,86,
7192,31,Flamengo,Pepê,83,
7195,31,Corinthians,Jô,80,
7196,32,Coritiba,Martín Sarrafiore,82,
7197,32,Atletico-MG,Eduardo Sasha,94,
7198,32,Internacional,Edenílson Andrade dos Santos,98,Penalty
7199,32,Athletico-PR,Renato Kayzer,83,
7201,32,Atletico-GO,Natanael Batista Pimenta,80,
7202,32,Sport,Iago Maidana,86,
7203,32,Santos,Mário Sérgio Santos Costa,87,Penalty
7204,32,Fluminense,Wellington Alves da Silva,98,Penalty
7207,33,Athletico-PR,Carlos Eduardo Ferreira de Souza,85,
7208,33,Atletico-GO,Vitor Leque,88,
7213,33,Flamengo,Pedro,96,
7216,34,Santos,Madson,96,Penalty
7217,34,Bragantino,Claudinho,94,Penalty
7221,34,Fortaleza,Wellington Paulista,84,
7222,34,Flamengo,Bruno Henrique,77,
7225,34,Palmeiras,Rony,93,
7226,35,Goias,José Fernando Viana de Santana,95,
7227,35,Santos,Marcos Leonardo Santos Almeida,79,Penalty
7229,35,Botafogo-RJ,Matheus Babi,82,
7232,35,Ceara,Léo Chú,93,
7235,35,Coritiba,Jonathan Francisco Lemos,88,
7238,36,Santos,Marcos Leonardo Santos Almeida,83,
7240,36,Internacional,Thiago Galhardo,96,
7241,36,Athletico-PR,Thiago Heleno,92,
7244,36,Ceara,Vinícius,78,Penalty
7247,37,Bahia,Rossicley Pereira da Silva,81,Penalty
7248,37,Sport,Thiago Neves,87,Penalty
7251,37,Santos,Jean Mota Oliveira de Souza,87,
7252,37,Gremio,Thaciano,77,
7257,38,Bahia,Alesson,91,
7258,38,Athletico-PR,Léo Cittadini,86,
7261,38,Ceara,Saulo Mineiro,94,
7263,38,Atletico-MG,Jair Rodrigues Júnior,79,
7264,38,Vasco,Ricardo Graça,92,
7266,1,Cuiaba,Elton Rodrigues Brandão,87,
7269,1,Fortaleza,Yago Pikachu,94,
7270,1,Flamengo,Pedro,75,
7271,1,Ceara,Jorginho,94,
7274,1,Athletico-PR,Carlos Eduardo Ferreira de Souza,87,
7275,1,Sport,André Felipe Ribeiro de Souza,86,
7276,2,Atletico-GO,João Paulo,79,
7278,2,Bahia,Jonas Gomes de Sousa,86,
7281,2,Fortaleza,Wellington Paulista,86,
7282,2,Athletico-PR,Nikão,89,
7285,2,Gremio,Miguel Borja,75,
7292,3,Fortaleza,Wellington Paulista,79,Penalty
7293,3,Fluminense,Caio Paulista,75,
7298,4,Bragantino,Eric dos Santos Rodrigues,85,
7299,4,Palmeiras,Breno Lopes,87,
7305,4,Athletico-PR,Bissoli,95,
7306,5,Bragantino,Chrigor,98,
7307,5,Palmeiras,Willian Gomes de Siqueira,96,
7313,5,Juventude,Matheus Peixoto,83,
7314,5,Chapecoense,Ravanelli Ferreira dos Santos,80,Penalty
7316,6,Atletico-GO,Nathan Silva,81,
7319,6,Bragantino,Ytalo José dos Santos,88,
7320,6,America-MG,Paulo Roberto Valoura Junior,85,Penalty
7322,6,Sport,Santiago Tréllez,82,
7323,6,Ceara,Gabriel Lacerda,96,
7325,6,Santos,Marinho,78,
7328,7,Palmeiras,Raphael Cavalcante Veiga,78,
7329,7,Chapecoense,Geuvânio,94,
7331,7,Santos,Marcos Guilherme,94,
7332,7,Internacional,Rodrigo Dourado,77,
7335,7,Bragantino,Weverton,82,
7336,8,Athletico-PR,Ivaldo,76,
7337,8,Chapecoense,Pedro Perotti,81,
7338,8,Palmeiras,Danilo dos Santos de Oliveira,89,
7339,8,Bahia,Gilberto Oliveira Souza Junior,92,
7342,8,Juventude,Matheus Peixoto,83,
7344,8,Atletico-MG,Ignacio Fernández,89,
7345,8,Flamengo,Thiago Maia,92,
7346,9,Fortaleza,Igor Torres,86,
7347,9,America-MG,Carlos Alberto,94,
7348,9,Corinthians,Jô,80,
7350,9,Fluminense,André,91,
7353,9,Bragantino,Artur Victor Guimarães,75,
7357,10,Bahia,Matheus Bahia Santos,79,
7358,10,Cuiaba,Jenison de Jesus Brito e Brito,78,
7359,10,Fortaleza,Igor Torres,83,
7361,10,Flamengo,Willian Arão,88,
7366,11,Palmeiras,Willian Gomes de Siqueira,83,
7368,11,Bragantino,Ytalo José dos Santos,80,
7370,11,Sao Paulo,Liziero,92,
7372,11,Juventude,Matheus Peixoto,97,Penalty
7373,11,Cuiaba,Jenison de Jesus Brito e Brito,93,
7374,11,Flamengo,Giorgian De Arrascaeta,78,
7376,12,Ceara,Wendson dos Santos Lopes,98,
7378,12,Atletico-MG,Hulk,86,
7379,12,Gremio,César Pinares,90,Penalty
7380,12,Cuiaba,Elton Rodrigues Brandão,88,
7381,12,Palmeiras,Gustavo Scarpa,91,
7382,12,Flamengo,Victor Vinícius Coelho Santos,84,
7384,12,Santos,Marcos Leonardo Santos Almeida,95,
7385,12,Sport,Paulinho Moccelin,86,
7388,13,Atletico-MG,Hulk,80,Penalty
7390,13,Flamengo,Welington,92,Gol Contra
7399,14,Corinthians,Vitinho,89,
7402,14,Sport,Mikael,89,
7404,14,Ceara,Cléber,79,
7408,15,Fortaleza,Igor Torres,95,
7410,15,Atletico-MG,Hulk,77,
7416,16,Juventude,Wagner Ferreira dos Santos,78,
7418,16,Sao Paulo,Igor Gomes,93,
7424,16,Internacional,Paolo Guerrero,95,
7425,16,America-MG,Rodolfo,93,
7426,17,Atletico-GO,João Paulo,93,Penalty
7427,17,Gremio,Diego Souza,95,
7429,17,Cuiaba,Uillian Correia,94,
7432,17,Internacional,Yuri Alberto,88,
7434,17,Bragantino,Gabriel Novaes,88,
7435,17,Atletico-MG,Eduardo Sasha,84,
7437,18,Flamengo,Andreas Pereira,84,
7438,18,Corinthians,Jô,79,
7441,18,Sao Paulo,Reinaldo Manoel da Silva,85,Penalty
7443,18,Atletico-MG,Diego Costa,85,
7444,18,Fluminense,Raúl Bobadilla,97,
7446,19,Bahia,Hugo Rodallega,76,
7447,19,Cuiaba,Elton Rodrigues Brandão,88,
7449,19,Corinthians,Róger Guedes,85,
7452,19,Ceara,Cléber,89,
7453,19,Bragantino,Bruno Gonçalves,95,
7454,19,Atletico-MG,Eduardo Vargas,75,Penalty
7458,20,Chapecoense,Mike dos Santos Nenatarvicius,78,
7462,20,Flamengo,Michael Richard Delgado de Oliveira,81,
7463,20,Atletico-GO,Zé Roberto,89,
7468,21,Atletico-MG,Eduardo Vargas,99,Penalty
7471,21,Internacional,Edenílson Andrade dos Santos,93,
7475,21,Cuiaba,Felipe Marques,76,
7477,22,Corinthians,Róger Guedes,84,
7479,22,America-MG,Alexandre Egea,95,
7482,22,Juventude,Guilherme Castilho,84,
7484,22,Gremio,Vanderson de Oliveira Campos,84,
7486,23,America-MG,Ademir,83,
7487,23,Atletico-GO,Gabriel Baralhas,75,
7488,23,Corinthians,Renato Augusto,90,
7489,23,Atletico-MG,Keno,78,
7491,23,Chapecoense,Mike dos Santos Nenatarvicius,76,
7493,23,Gremio,Douglas Costa,85,
7497,24,Atletico-MG,Eduardo Sasha,83,
7499,24,Juventude,Paulo Bóia,80,Penalty
7503,24,America-MG,Ademir,93,Penalty
7504,24,Cuiaba,Marllon Borges,79,
7507,25,Ceara,Gabriel Lacerda,92,
7508,25,Sport,Paulinho Moccelin,81,
7511,25,Bragantino,Artur Victor Guimarães,76,
7513,25,Chapecoense,Mike dos Santos Nenatarvicius,82,
7514,25,Santos,Wagner Leonardo,92,
7518,26,Atletico-MG,Nathan Silva,75,
7519,26,Athletico-PR,Christian Roberto Alves Cardoso,89,
7521,26,Fortaleza,Yago Pikachu,79,
7523,26,Internacional,Yuri Alberto,90,
7526,27,Fortaleza,Yago Pikachu,93,Penalty
7530,27,Ceara,Fabrício Bruno,91,Gol Contra
7531,27,Juventude,Roberson,94,
7532,27,Atletico-GO,Oliveira,81,
7538,28,Fluminense,Abel Hernández,85,
7540,28,Internacional,Gustavo Maia,93,
7545,28,Palmeiras,Felipe Melo,81,
7546,34,Bragantino,Tomás Cuello,87,
7547,34,Atletico-MG,Hulk,76,
7549,34,Chapecoense,Bruno Cortês,76,Gol Contra
7552,34,Corinthians,Gabriel Girotto Franco,85,
7553,34,Fluminense,Fred,83,Penalty
7559,29,America-MG,Felipe Azevedo,84,
7560,29,Palmeiras,Breno Lopes,94,
7563,29,Sport,Mikael,76,Penalty
7564,29,Cuiaba,Rafael Gustavo Meneghel Gava,94,
7565,29,Corinthians,Róger Guedes,98,
7569,31,Atletico-MG,Hulk,95,
7570,31,Santos,Carlos Andrés Sánchez,93,Penalty
7571,31,Palmeiras,Breno Lopes,90,
7572,31,Sao Paulo,Martín Benítez,93,
7573,31,America-MG,Paulo Roberto Valoura Junior,83,
7574,31,Juventude,Paulo Victor,86,Gol Contra
7575,31,Flamengo,Andreas Pereira,89,
7576,30,Corinthians,Víctor Cantillo,87,
7578,30,Fluminense,David Braz,96,
7579,30,Athletico-PR,Pedro Rocha Neves,91,
7582,30,Bahia,Rossicley Pereira da Silva,77,
7585,30,Juventude,Ricardo Bueno,88,
7590,32,Cuiaba,Paulo Marcos de Jesus Ribeiro,78,
7592,32,Fluminense,Yago Rocha,88,
7593,32,Ceara,Marlon,80,
7595,32,Atletico-MG,Keno,78,
7599,33,Santos,Marcos Guilherme,84,
7601,33,Ceara,Vinícius,86,
7604,33,Flamengo,Bruno Henrique,94,
7608,35,Santos,Marcos Leonardo Santos Almeida,90,
7609,35,Corinthians,Róger Guedes,84,
7610,35,Atletico-GO,Janderson,93,
7613,35,Gremio,Jhonata Robert Alves da Silva,94,
7616,36,Bahia,Daniel Sampaio Simões,85,
7618,36,Sao Paulo,Gabriel Sara,80,
7622,36,Flamengo,Matheuzinho,79,
7623,36,Palmeiras,Gabriel Veron,91,
7624,36,Atletico-GO,Arthur Henrique,88,
7625,36,Fortaleza,Valentín Depietri,82,
7627,37,Corinthians,Renato Augusto,86,
7628,37,Atletico-MG,Jefferson Savarino,78,
7635,37,Sport,Luciano Juba,88,
7636,38,Fortaleza,Yago Pikachu,78,Penalty
7637,38,Atletico-GO,Jonas Toró,92,
7639,38,Fluminense,Abel Hernández,91,
7641,38,Bragantino,Artur Victor Guimarães,92,
7643,38,Juventude,Chico,83,Penalty
7644,38,Atletico-MG,Hyoran,91,
7645,38,Santos,Lucas Braga Ribeiro,75,
7647,1,Flamengo,Bruno Henrique,84,
7648,1,Palmeiras,Gustavo Gómez,96,Penalty
7649,1,Coritiba,Andrey,91,
7651,1,Atletico-MG,Hulk,93,
7655,1,Bragantino,Thalisson Kelven,89,Gol Contra
7656,2,Palmeiras,Rony,96,
7657,2,America-MG,Pedrinho,89,
7659,2,Fluminense,Paulo Marcos de Jesus Ribeiro,92,Gol Contra
7663,2,Internacional,Alexandre Alemão,90,
7665,2,Botafogo-RJ,Erison Danilo de Souza,80,Penalty
7668,4,America-MG,Juan Pablo Ramírez Velásquez,75,
7669,4,Goias,Élvis Vieira Araújo,80,Penalty
7670,4,Cuiaba,Rodrigo Eduardo Costa Marinho,82,
7671,4,Botafogo-RJ,Diego Gonçalves,83,Penalty
7673,4,Coritiba,Léo Gamalho,95,
7675,4,Sao Paulo,Luciano da Rocha Neves,82,Penalty
7680,3,Coritiba,Adrián Emmanuel Martínez,78,
7681,3,Santos,Vinicius Zanocelo,78,
7682,3,Cuiaba,Elton Rodrigues Brandão,84,Penalty
7683,3,Botafogo-RJ,Leandro Barcia Montero,96,Gol Contra
7684,3,Goias,Élvis Vieira Araújo,88,Penalty
7686,5,America-MG,Raúl Cáceres,81,
7689,5,Fluminense,Germán Cano,83,
7692,5,Santos,Bryan Angulo,76,
7693,5,Juventude,Óscar Ruiz,93,
7697,7,Atletico-GO,Airton,90,
7700,7,Palmeiras,Gabriel Menino,92,
7701,7,Internacional,Carlos de Pena,83,Penalty
7702,7,Botafogo-RJ,Erison Danilo de Souza,86,
7703,7,Corinthians,Adson,80,
7706,6,Palmeiras,Raphael Cavalcante Veiga,99,Penalty
7707,6,Ceara,Nino Paraíba,91,
7710,6,Fluminense,Germán Cano,78,
7711,6,Sao Paulo,Nikão,82,
7713,6,Botafogo-RJ,Patrick de Paula,89,
7720,8,Palmeiras,Gustavo Gómez,80,
7721,8,Athletico-PR,Vitor Roque,85,
7722,8,Corinthians,Gustavo Mosquito,82,
7725,8,Atletico-GO,Diego Churín,79,
7728,9,Coritiba,Adrián Emmanuel Martínez,85,
7732,9,Fortaleza,Hércules,92,
7734,9,Internacional,Carlos de Pena,100,Penalty
7735,9,Goias,Pedro Raúl,84,
7738,10,Athletico-PR,Vitor Bueno,96,
7739,10,Atletico-GO,Wellington Rato,92,
7743,10,Palmeiras,Wesley Ribeiro Silva,87,
7745,10,Goias,Pedro Raúl,86,
7746,11,Corinthians,Gustavo Mantuan,84,
7747,11,Santos,Rwan Philipe Rodrigues de Souza Cruz,84,Penalty
7750,11,Internacional,Pedro Henrique Konzen,92,Penalty
7751,11,Goias,Pedro Raúl,85,Penalty
7756,12,Santos,Marcos Leonardo Santos Almeida,77,
7758,12,Coritiba,Adrián Emmanuel Martínez,92,
7760,12,Flamengo,Gabriel Barbosa Almeida,79,
7761,12,Athletico-PR,David Terans,82,Penalty
7764,12,Atletico-GO,Diego Churín,79,
7768,13,Atletico-MG,Ademir,85,
7769,13,Athletico-PR,Khellven,100,Penalty
7771,13,Botafogo-RJ,Hugo,101,
7773,13,Atletico-GO,Léo Pereira,86,
7775,13,Palmeiras,Murilo Cerqueira,96,
7777,14,Bragantino,Lucas Evangelista,82,Penalty
7778,14,Flamengo,Mário Sérgio Santos Costa,91,
7780,14,Atletico-MG,Rubens,76,
7782,14,Fluminense,Manoel Messias Silva Carvalho,82,
7783,14,Goias,Pedro Raúl,80,
7786,15,Juventude,Onitlasi Júnior de Moraes Rodrigues,76,
7787,15,Fluminense,Fred,91,
7794,15,Fortaleza,Habraão,85,
7796,16,Bragantino,Hélio Junio Nunes de Castro,87,
7797,16,Ceara,Luiz Otávio,93,
7799,16,Coritiba,Adrián Emmanuel Martínez,78,
7801,16,Santos,Lucas Barbosa,76,
7804,16,Cuiaba,André Luis,98,
7805,16,Internacional,Moisés Roberto Barbosa,95,
7809,17,Ceara,Cléber,76,
7817,18,Bragantino,Gabriel Novaes,95,
7818,18,Fluminense,Germán Cano,84,
7819,18,Athletico-PR,Léo Cittadini,95,
7820,18,Flamengo,Lázaro Vinícius,86,
7822,18,Santos,Marcos Leonardo Santos Almeida,77,
7823,18,Corinthians,Raul Gustavo Pereira Bicalho,85,
7824,18,Atletico-MG,Alan Kardec,94,
7826,19,Goias,Pedro Raúl,92,
7828,19,Flamengo,Pedro,84,
7830,19,Palmeiras,Gabriel Menino,88,
7832,19,Corinthians,Fábio Santos,86,Penalty
7836,20,Goias,Pedro Raúl,80,
7837,20,Ceara,Stiven Mendoza,80,Penalty
7839,20,Atletico-GO,Wellington Rato,82,
7843,20,America-MG,Everaldo,90,
7845,20,Santos,Marcos Leonardo Santos Almeida,86,
7848,21,Corinthians,Fabián Balbuena,77,
7849,21,Bragantino,Luan Cândido,86,
7850,21,Flamengo,Gabriel Barbosa Almeida,95,
7852,21,Palmeiras,Eduard Atuesta,83,
7853,21,Fortaleza,Robson Fernandes,84,
7854,21,Athletico-PR,Agustín Canobbio,96,
7855,21,Santos,Bryan Angulo,93,
7856,22,Goias,Dada,79,
7860,22,Atletico-MG,Alan Kardec,94,
7862,22,Flamengo,Pedro,92,
7865,22,Internacional,Carlos de Pena,93,
7867,23,Fluminense,Willian Gomes de Siqueira,95,
7871,23,Cuiaba,Rodrigo Eduardo Costa Marinho,81,
7873,23,Bragantino,Luan Cândido,103,Penalty
7875,23,Internacional,Pedro Henrique Konzen,98,Penalty
7876,24,Atletico-GO,Shaylon,84,
7877,24,Coritiba,Fabrício Daniel de Souza,78,
7884,24,Internacional,Edenílson Andrade dos Santos,92,Penalty
7889,25,America-MG,Matheus Leonardo Sales Cardoso,78,
7894,25,Sao Paulo,Luizão,80,
7905,26,Goias,Diego,80,
7907,27,Botafogo-RJ,Francisco Soares,79,
7909,27,Flamengo,Gabriel Barbosa Almeida,83,
7910,27,Sao Paulo,Nahuel Bustos,93,
7911,27,America-MG,Juninho,77,
7912,27,Juventude,Vitor Gabriel,78,
7913,27,Palmeiras,Miguel Merentiel,77,
7916,28,Sao Paulo,Eder Citadin Martins,93,
7917,28,Santos,Nicolás Hernández,92,Gol Contra
7919,28,Corinthians,Yuri Alberto,88,
7920,28,Fluminense,Michel Araújo,88,
7921,28,Fortaleza,Caio Alexandre,94,
7922,28,America-MG,Gonzalo Mastriani,97,
7925,28,Botafogo-RJ,Romildo Del Piage,89,
7928,29,Ceara,Vinícius,93,
7935,29,Coritiba,Matheus Cadorini,84,
7937,30,Atletico-GO,Gabriel Baralhas,75,
7938,30,Goias,Nicolas Godinho Johann,93,
7940,30,Athletico-PR,Pablo Felipe Teixeira,92,
7942,30,Santos,Marcos Leonardo Santos Almeida,88,Penalty
7943,30,Palmeiras,Breno Lopes,77,
7944,30,Sao Paulo,Alisson Euler de Freitas Castro,91,
7946,31,Cuiaba,Rafael Gustavo Meneghel Gava,94,
7947,31,Athletico-PR,Erick Luis Conrado Carvalho,81,
7948,31,Internacional,Carlos de Pena,96,
7949,31,Botafogo-RJ,Francisco Soares,90,Penalty
7950,31,Fortaleza,Hércules,90,
7955,31,Juventude,Bruno Nazário,78,
7957,32,Fortaleza,Thiago Galhardo,83,
7958,32,Ceara,Jô,92,
7960,32,Juventude,Óscar Ruiz,76,
7963,32,Athletico-PR,Alex Paulo Menezes Santana,90,
7966,33,Bragantino,Luan Cândido,90,
7968,33,Corinthians,Róger Guedes,89,
7969,33,Palmeiras,Vanderlan,90,
7970,33,Fluminense,Matheus Martins,82,
7976,34,Santos,Gabriel Carabajal,97,
7977,34,Palmeiras,Gustavo Gómez,76,
7980,34,Internacional,Alan Patrick,78,Penalty
7981,34,Goias,Diego,94,
7983,34,Sao Paulo,Luan Vinícius da Silva Santos,95,
7985,34,Cuiaba,Pepê,91,
7988,35,Atletico-MG,Eduardo Vargas,81,
7990,35,America-MG,Alexandre Egea,76,
7991,35,Coritiba,Régis,92,
7992,35,Avai,Kevin Peterson dos Santos Silva,90,Penalty
7993,35,Santos,Lucas Barbosa,94,
7995,35,Corinthians,Yuri Alberto,75,
7998,36,America-MG,Juninho,90,
7999,36,Goias,Nicolas Godinho Johann,81,
8000,36,Corinthians,Yuri Alberto,90,
8004,36,Palmeiras,José Manuel Alberto López,75,
8005,36,Botafogo-RJ,João Victor Santos Sá,76,
8008,37,Fluminense,Germán Cano,78,
8009,37,Avai,Mateus Ferreira,91,
8010,37,Fortaleza,Thiago Galhardo,90,
8011,37,Flamengo,Werton,91,
8012,37,Palmeiras,Murilo Cerqueira,81,
8016,38,Avai,Felipe Florencio da Silva,79,
8017,38,Athletico-PR,Erick Luis Conrado Carvalho,94,
8018,38,Ceara,Erick,89,Penalty
8020,38,Fortaleza,Moisés Vieira da Veiga,80,
8021,38,Coritiba,Léo Gamalho,76,
8024,38,Internacional,Braian Romero,85,
8025,38,Sao Paulo,Marcos Guilherme,77,
8028,1,Botafogo-RJ,Carlos Eduardo de Oliveira Alves,88,
8033,1,Corinthians,Róger Guedes,87,
8034,1,Flamengo,Pedro,95,
8037,2,Sao Paulo,Jonathan Calleri,82,
8038,2,Bragantino,Thiago Borbas,86,
8040,2,Internacional,Maurício Magalhães Prado,98,
8043,2,Fortaleza,Yago Pikachu,91,
8044,2,Goias,Lucas Halter,80,
8045,2,Botafogo-RJ,Danilo Neves,78,
8046,3,Fortaleza,Hércules,79,
8047,3,Sao Paulo,Marcos Paulo Costa do Nascimento,81,
8048,3,Corinthians,Joaquín Piquerez,76,Gol Contra
8050,3,Cruzeiro,Bruno Rodrigues,87,
8051,3,Atletico-MG,Hulk,84,
8052,3,Flamengo,Léo Pereira,86,
8058,4,Cuiaba,Marlon,85,Gol Contra
8061,4,Athletico-PR,Erick Luis Conrado Carvalho,80,
8062,4,Bragantino,Thiago Borbas,91,
8064,4,Palmeiras,Endrick,83,
8065,4,Corinthians,Yuri Alberto,88,
8066,5,Athletico-PR,Christian Roberto Alves Cardoso,79,
8068,5,America-MG,Aloísio dos Santos Gonçalves,78,Penalty
8069,5,Atletico-MG,Paulinho,87,
8073,5,Vasco,Erick Marcus,80,
8074,5,Botafogo-RJ,Carlos Eduardo de Oliveira Alves,81,
8079,6,Atletico-MG,Paulinho,95,
8083,6,Athletico-PR,Willian Gomes de Siqueira,91,
8085,6,Cruzeiro,Gilberto Oliveira Souza Junior,84,
8087,7,Bragantino,Thiago Borbas,86,
8088,7,Vasco,Matías Galarza,83,
8089,7,Atletico-MG,Hulk,91,Penalty
8093,7,Flamengo,Léo Pereira,94,
8094,7,Internacional,Johnny Cardoso,87,
8097,8,Fortaleza,Thiago Galhardo,87,
8100,8,Sao Paulo,David Corrêa da Fonseca,91,
8101,8,Corinthians,Róger Guedes,92,
8102,8,Internacional,Wanderson,99,
8104,8,Bragantino,Juninho Capixaba,75,
8109,9,America-MG,Renato Marques,87,
8114,9,Coritiba,Alef Manga,83,
8118,10,Corinthians,Ruan Oliveira,81,
8121,10,America-MG,Wellington Paulista,76,
8122,10,Palmeiras,Endrick,78,
8124,10,Flamengo,Bruno Henrique,97,
8125,10,Goias,Alesson,85,
8126,11,Fortaleza,Juan Martín Lucero,80,
8130,11,Bahia,Thaciano,93,
8135,11,Bragantino,Henry Mosquera,81,
8138,12,Atletico-MG,Alan Kardec,87,
8141,12,Gremio,André Henrique,84,
8142,12,Internacional,Alexandre Alemão,85,
8145,12,Vasco,Jair Rodrigues Júnior,77,Penalty
8146,13,Sao Paulo,Luciano da Rocha Neves,87,
8148,13,Gremio,Gustavo Martins,95,
8151,13,Botafogo-RJ,Carlos Alberto,95,
8154,13,Cuiaba,Rikelme,86,
8159,14,Coritiba,Victor Luis,96,
8160,14,Flamengo,Giorgian De Arrascaeta,81,
8161,14,Santos,Stiven Mendoza,94,Penalty
8164,14,Fortaleza,Yago Pikachu,84,
8165,14,Botafogo-RJ,Carlos Alberto,88,
8170,15,Santos,Marcos Leonardo,93,Penalty
8175,15,Vasco,Jair Rodrigues Júnior,91,
8176,16,Palmeiras,Raphael Cavalcante Veiga,76,
8177,16,Flamengo,Victor Hugo,95,
8178,16,Cuiaba,Isidro Pitta,78,
8182,16,Botafogo-RJ,Adryelson,87,
8184,16,Athletico-PR,Vitor Bueno,80,Penalty
8186,17,Fluminense,Germán Cano,77,
8187,17,Cruzeiro,Wesley Ribeiro Silva,82,
8188,17,Cuiaba,Deyverson,88,
8190,17,Bragantino,Thiago Borbas,92,
8191,17,Flamengo,Giorgian De Arrascaeta,80,
8195,17,Goias,Matheus Babi,77,
8196,18,Santos,Marcos Leonardo,96,Penalty
8198,18,Internacional,Luiz Adriano,99,
8199,18,Palmeiras,Gustavo Gómez,96,
8200,18,Vasco,Pablo Vegetti,80,
8205,18,Cuiaba,Deyverson,80,
8211,19,Fortaleza,João Basso,80,Gol Contra
8212,19,Flamengo,Pedro,96,Penalty
8213,19,Palmeiras,José Manuel Alberto López,96,
8215,19,Athletico-PR,Bruno Zapelli,82,
8219,20,Fluminense,Jhon Arias,89,
8220,20,Corinthians,Gustavo Mosquito,98,
8222,20,Flamengo,Gerson Santos da Silva,94,
8223,20,Bahia,Cauly,84,
8224,20,Santos,Julio Furch,90,
8225,20,Goias,Alesson,81,
8227,21,Corinthians,Maycon de Andrade Barberan,82,
8228,21,Bragantino,Talisson de Almeida,83,
8229,21,Botafogo-RJ,Luis Henrique,76,
8231,21,Sao Paulo,Alexandre Pato,81,
8234,21,Fluminense,João Neto,87,
8235,21,Gremio,Pepê,78,
8237,22,Athletico-PR,Vitor Roque,78,
8241,22,Fluminense,Diogo Barbosa,92,
8246,23,Athletico-PR,Alex Paulo Menezes Santana,84,
8248,23,Cruzeiro,Nikão,89,
8249,23,Fortaleza,Yago Pikachu,94,
8250,23,Coritiba,Andrey,94,
8253,23,Palmeiras,Breno Lopes,96,
8254,23,Vasco,Gabriel Pec,85,
8255,23,Atletico-MG,Paulinho,81,
8256,24,Santos,Julio Furch,94,
8257,24,Bragantino,Lucas Evangelista,100,
8260,24,Sao Paulo,James Rodríguez,79,
8261,24,Coritiba,Sebastián Gómez,80,
8262,24,Athletico-PR,Alex Paulo Menezes Santana,90,
8267,25,Gremio,Luis Alberto Suárez,80,
8269,25,Cuiaba,Fernando Sobral,87,
8270,25,Atletico-MG,Igor Gomes,81,
8273,25,Santos,Yeferson Soteldo,75,
8274,25,Bragantino,Eric dos Santos Rodrigues,90,
8276,26,Bahia,Gabriel Teixeira,95,
8278,26,Corinthians,Fábio Santos,79,Penalty
8283,26,Coritiba,Islam Slimani,91,
8286,27,Athletico-PR,Kaique Rocha,94,
8287,27,Cuiaba,Isidro Pitta,82,
8292,27,Atletico-MG,Paulinho,76,
8294,27,Santos,Léo Ortiz,86,Gol Contra
8295,27,Fluminense,Jhon Arias,84,
8297,28,Sao Paulo,Luciano da Rocha Neves,97,
8298,28,Bahia,Rafael Ratão,96,
8300,28,Cruzeiro,Jemerson de Jesus Nascimento,87,Gol Contra
8301,28,Flamengo,Gerson Santos da Silva,76,
8302,28,Internacional,Luiz Adriano,75,
8305,28,Corinthians,Giuliano Victor de Paula,99,
8306,29,Bragantino,Talisson de Almeida,84,
8307,29,America-MG,Emmanuel Martínez,77,
8309,29,Cruzeiro,Bruno Rodrigues,88,
8310,29,Palmeiras,Joaquín Piquerez,87,
8311,29,Gremio,Aldemir Ferreira,76,
8312,29,Corinthians,Ángel Romero,77,
8313,29,Vasco,Alex Teixeira,84,
8315,29,Botafogo-RJ,Danilo Barbosa da Silva,78,
8317,30,Gremio,Franco Cristaldo,78,
8318,30,Atletico-MG,Paulinho,83,
8320,30,Goias,Matheus Babi,92,
8321,30,Coritiba,Robson Fernandes,90,Penalty
8322,30,Santos,Stiven Mendoza,99,Penalty
8324,30,Cruzeiro,Bruno Rodrigues,80,
8325,30,Flamengo,Giorgian De Arrascaeta,75,
8329,31,Gremio,Aldemir Ferreira,83,
8330,31,Santos,Joaquim Henrique,89,
8332,31,Palmeiras,Endrick,84,
8333,31,Vasco,Luca Orellano,100,
8334,31,Bragantino,Talisson de Almeida,90,
8335,31,Sao Paulo,Luciano da Rocha Neves,84,
8337,32,Atletico-MG,Paulinho,80,
8339,32,Cruzeiro,Bruno Rodrigues,92,Penalty
8341,32,Flamengo,Luiz Araújo,87,
8349,33,Sao Paulo,Erison Danilo de Souza,93,Penalty
8351,33,Santos,Julio Furch,87,
8353,33,Cuiaba,Isidro Pitta,77,
8355,33,Vasco,Gabriel Pec,77,
8356,34,Coritiba,Robson Fernandes,91,
8358,34,Palmeiras,Rony,88,
8359,34,Bragantino,Thiago Borbas,96,
8362,34,Vasco,Dimitri Payet,94,
8363,34,Goias,Dodô,88,
8364,34,Athletico-PR,Agustín Canobbio,87,
8365,34,Fortaleza,Yago Pikachu,98,
8366,35,Bahia,Thaciano,85,Penalty
8368,35,Coritiba,Jesé Rodríguez,90,
8370,35,Santos,Messias Rodrigues da Silva Júnior,90,
8371,35,Flamengo,Éverton Ribeiro,85,
8374,35,Palmeiras,José Rafael Vivian,77,
8375,35,Cruzeiro,Robert,96,
8376,36,Corinthians,Giovane,94,
8378,36,Atletico-MG,Rubens,82,
8379,36,Sao Paulo,Caio Paulista,97,
8380,36,Internacional,Pedro Henrique Konzen,89,
8381,36,Coritiba,Edu,99,
8382,36,Palmeiras,José Manuel Alberto López,88,
8384,36,Cruzeiro,Matheus Pereira,84,
8387,37,Sao Paulo,Luciano da Rocha Neves,91,Penalty
8388,37,Cuiaba,Clayson,79,Penalty
8393,37,Bragantino,Léo Ortiz,75,
8395,37,Athletico-PR,Madson,75,
8399,38,Fluminense,John Kennedy,81,
8400,38,Cruzeiro,Nikão,80,
8401,38,Bahia,Ademir,92,
8402,38,Cuiaba,Clayson,96,
8403,38,Fortaleza,Juan Martín Lucero,96,
8405,38,Vasco,Sergio Antonio De Luiz Junior,82,
